src_text,tgt_text,cosine_score
"Kwessies in die omgewing.
","Zegezi .
",0.5024197
"Krag.
","IKhabinethi iyitjhejile indima eyenziwako ekuphumeleliseni iHlelo lamaGadango weGezi, ithi itjhejile njalo ibe ivuma nokuthi kusese kunengi okuliya ukusebenza kwethungelelwano legezi lelizwe loke.
",0.33521277
"Die Kabinet het kennis geneem van die vordering aangaande die implementering van die Energie-aksieplan, terwyl die beduidende beperkings wat steeds in die nasionale netwerk bestaan, erken word..
",".
",0.058796097
"Die Kabinet het die finalisering van die kontrak vir 400 megawatt (MW) se bykomende kapasiteit deur die Standaardaanbodprogram wat voor die einde van Mei 2023 aanlyn sal wees verwelkom, namate die land winter betree..
","Njengoba kungena ubusika nje, iKhabinethi ithokozele ukuqedelelwa kweGontraga yokungezelela amandla wegezi ngama-400 wama-megawatts (ama-MW) ngehlelo i-Standard Offer Programme elizokuthoma ukusebenza ngaphambi kokuphela kukaMrhayili wee-.
",0.6240938
"Die Departement van Gesondheid het ook 213 hospitale vir beurtkraguitsluiting vasgestel, met 76 van dié wat reeds uitgesluit is en daar word daaraan gewerk om nog 46 hospitale op ŉ gevorderde stadium by te voeg..
",".
",0.028257385
"Die Kabinet het ook die naderende bekendstelling van die eenstopwinkel vir energie op 31 Mei 2023 deur Invest SA verwelkom wat die reguleringsproses sal bespoedig om nuwe kragopwekkende maatskappye sal help om betrokke te raak..
","Ukudlula lapho, umNyango wezePilo ukhombe iimbhedlela ezima-213 ekungasafanelanga ziqinteliswe igezi; kileziimbhedlela, ezima-76 zazo vele azisaqinteliselwa igezi, kanti-ke kusasetjenzelwa ukungezelela ezinye ezima-46 ngokukhamba kwesikhathi.
",0.63727784
"Daar word van die vordering by die Kulisile-kragstasie kennis geneem om teen die einde van 2023 3 200 MW deur eenheid 1, 2, 3 en 5, in die nasionale netwerk terug te stoot.
",".
",0.051059883
"Die Kabinet is besorg oor die voortdurende sirkulasie van valse nuus, op sosiale media wat beweer dat daar ŉ naderende nasionale netwerkineenstorting sal wees wat tot ŉ totale verduistering sal lei.
","IKhabinethi ibuye yathokozela nokuvulwa okuseduze kwesiTolo seGezi esiPhethe Koke ngomhla wama-31 kuMrhayili esizokuvulwa yi-Invest SA kobanyana kuzokhanjiswa msinyana amahlelo wokulawula azokusiza iinkhampani eziphehla igezi ezitja ezizako.
",0.68027246
"Eskom het die regering verseker van planne wat gereed is vir stelselvoorsorg om ŉ nasionale verduistering te voorkom.
",".
",0.089615285
"Die Kabinet herhaal beroepe op alle mense in Suid-Afrika om steeds elektrisiteit te bespaar.
","Itjheje godu nendima eyenziwako ePhawa iKusile yokubuyisela igezi ezii-3 200 MW, ngamaziko 1, 2, 3 ne-5 ethungelelwaneni legezi lelizwe, nakuphela umnyaka wee-.
",0.50441444
"Die doelwit is om daagliks minstens 1 000 MW te bespaar, wat gelykstaande is aan een vlak van beurtkrag per dag.
",".
",0.056349557
"Die Minister van Elektrisiteit, Dr. Kgosientsho Ramokgopa, sal op Vrydag, 26 Mei 2023, deur ŉ media-inligtingsessie die land op hoogte hou oor die implementasie van die Energie-aksieplan..
","IKhabinethi iphatheke kumbi ngeendaba ezimamanga esele ziphikelele, eenkundleni zeendaba ezithi batjho kuseduze ukuthi ithungelelwano legezi lifadalale kuphele ngalo bese sisala emnyameni.
",0.62152374
"Gesondheid.
","U-Eskom uqinisekise urhulumende ngamahlelo akhona ekuzakukhandelwa ngawo ukuthi kungafiki lapho igezi iphela khona yoke sisale emnyameni ilizwe loke.
",0.21425357
"Die regering het ŉ tegniese werkkomitee, gelei deur die Nasionale Departement van Gesondheid, van stapel gestuur aangaande die cholera-uitbraak in Hammanskraal in die Stad van Tshwane, wat reeds soos op 24 Mei 2023, 15 lewens geëis het.
",".
",0.041633546
"Breedvoerige werk is onderweg om alle moontlike bronne van die kontaminasie te toets, hetsy waterbronne, tenkwaens wat water aflewer, krane en die Rooiwal-rioolwerke (RR).
","IKhabinethi ibuyelela isibawo ebantwini boke beSewula Afrika ukuthi baragele phambili ngokunconcosela igezi.
",0.6146414
"Daar is tot op hede geen bewyse van cholerabakterieë in dié bronne opgespoor nie, wat dit baie waarskynlik maak dat die cholera-uitbraak vanuit ŉ eenmalige kontaminasie kon gewees het, met die huidige gevalle wat die gevolg van sekondêre en tersiêre kontaminasie is.
","Umnqopho kukuthi kulondwe i-1 000 MW yegezi qobe lilanga; lokhu-ke kulingana nokulonda igezi elingana nehlandla linye lokuqinteliswa kwegezi ilanga nelanga.
",0.6786169
"Inwoners van Hammanskraal word, namate dié ingrypings plaasvind, aangemoedig om kraanwater te kook en ŉ knippie sout by te voeg voordat dit gedrink word.
",".
",0.053923085
"Enigiemand met ŉ loopmaag, naarheid of gastro-intestinale simptome moet ook onmiddellik ŉ dokter of plaaslike kliniek besoek.
","UNgqongqotjhe wezeGezi uDorh.
",0.47979522
"Die Minister van Water en Sanitasie, Mnr.
","Kgosientsho Ramokgopa uzokubikela ilizwe emhlanganweni wembikiindaba ngokuphunyeleliswa kweHlelo lamaGadango weGezi ngeLesihlanu nakama-26 kuMrhayili wee-.
",0.42838365
"Senzo Mchunu, sal op Vrydag, 26 Mei 2023 ŉ vergadering met die Stad van Tshwane se burgemeester, Raadslid Cilliers Brink, belê om ŉ gesamentlike plan vir die opknapping van die Rooiwal-rioolwerke, wat lankal moes plaasgevind het, te ontwikkel..
",".
",0.04448614
"www.nicd.ac.za.<}0{>Skakel die Nasionale Instituut vir Oordraagbare Siektes (NIOS) se 24-uur blitslyn by 082 883 9920 vir meer inligting.
","Zepilo
",0.26290712
"Riglyne vir die behandeling van cholera is aanlyn by www.nicd.ac.za beskikbaar.
",".
",0.11168553
"Kwartaallikse arbeidsmagopname (KA).
","Urhulumende usungule ikomidi yomsebenzi ethwelwe mNyango wezePilo weliZweloke, ezakuqalana nokwehla kwesifo sekholera e-Hammanskraal esiphandeni se-Tshwane, ekuthe kufika umhla wama-24 kuMrhayili wee-2023 sabe sesithethe abantu abali-.
",0.4808521
"Die Kabinet voel bemoedig dat 2023 se eerste KA ŉ sesde agtereenvolgende kwartaallikse verhoging van die aantal werke aangedui het en dat die indiensname van 16,2 miljoen mense nader aan die 16,4 miljoen werkende mense voor die dae van koronavirus (KOVID-19) skuifel.
",".
",0.02881619
"Dit is ŉ duidelike aanduiding dat die Suid-Afrikaanse ekonomie sterk herstel van die impak van daardie pandemie..
","Sikhuluma nje mkhulu umsebenzi owenziwako wokuhlola yoke imithombo engahle ibe kulapho kucabheleke khona, kungaba kusemithonjeni yamanzi ngokwayo, kungaba sematankeni adiliva amanzi, kungaba seempompeni namkha ebuTsengelweni baManzi i-Rooivaal Wastewater Treatment Works (i-WWTW).
",0.34517008
"Die eerste kwartaal se indiensname-getalle toon dat daar tydens die eerste kwartaal van die jaar 209 000 werke in die formele sektor en 107 000 werke in die informele sektor geskep is.
","Bekube nje, akunabufakazi bomulwana wekholera esele butholakele kilemithombo; lokhu-ke kungatjho khona ukuthi mhlambe ukwehla kwesifesi kusukele esehlakalweni sinye sokusilaphazeka, abantu base bayathelelana ukusukela lapho bekufike kilobubujamo banje.
",0.5806732
"recovering from the impact of that pandemic..
",".
",0.24221468
"The first quarter employment figures show 209 000 jobs were created in the formal sector and 107 000 jobs in the informal sector during the first quarter of the year.
","Njengoba kuthathwa lamagadango nje, izakhamuzi ze-Hammanskraal zikhuthazwa ukuthi ziwabilise amanzi wazo wepompo bese ziwanunga ngetsherwana yetshwayi ngaphambi kobana ziwasele.
",0.5085492
"Betrekkinge tussen Suid-Afrika en die Verenigde State (VS).
","Ngaphezu kwalokho, umuntu ogijinyiswa yindeni, osililekako namkha onamatshayo wokuthi kunento engakalungi ngendeni akarhabele kudorhodere namkha etlinigi yangekhabo.
",0.43691638
"Die Kabinet het bevestig dat betrekkinge tussen Suid-Afrika en die VS steeds hartlik, sterk en wedersyds voordelig is na ŉ vergadering tussen die Minister van Internasionale Betrekkinge en Samewerking, Dr. Naledi Pandor, en VS-ambassadeur vir Suid-Afrika, Mnr.
",".
",0.04762598
"Reuben
","UNgqongqotjhe wezaManzi nezokuHlwengisa uNom.
",0.42490208
"Brigety, aangaande sy opmerkings wat beweer dat Suid-Afrika wapens aan Rusland verskaf het.
","Senzo Mchunu uzokubonana noMeyara we-Tshwane uKhansela Cilliers Brink ngeLesihlanu womhla wama-26 kuMrhayili wee-2023 emzameni wokutlama ihlelo elihlanganyelweko lokuvuselela i-Rooiwal WWTW, esele kukade seqa isikhathi sokuyivuselela.
",0.57718384
"Die Kabinet het herhaal dat gevestigde diplomatiese kanale aan alle nasies, waaronder die VS, beskikbaar is om kwessies oor die bestuur van die bilaterale betrekkinge, soos hulle na vore kom, te opper.
",".
",0.033955935
"Die Kabinet het die aankondiging deur President Cyril Ramaphosa aangaande die vestiging van ŉ onafhanklike ondersoek om die bewering van die verskaffing van wapens van Suid-Afrika aan Rusland, te ondersoek, verwelkom.
","Eminye imininingwana ungayithola ngokufowunela iZiko leziFo eziThathelwanako (i-NICD) enomborweni yesizo ethi-082 883.
",0.6147677
"Besonderhede van die ondersoek sal gelegener tyd aangekondig word.
","Iinlimukiso ngokuthi ikholera ilapheka njani ungazithola kubunzinzolwazi i-www.nicd.ac.za.
",0.42325413
"Betrekkinge tussen Suid-Afrika en Singapoer.
",".
",0.19248787
"President Ramaphosa het op Dinsdag, 16 Mei 2023 eerste minister Lee Hsien Loong van die Republiek van Singapoer ontvang.
","Ihlolo Ngabantu Abasebenzako Yaqobe Kota (i-QLFS).
",0.5300211
"Singapoer is ŉ beduidende belegger in Suid-Afrika, met beleggings van meer as R5 miljard in sektore soos vervaardiging, finansiële dienste en eiendom.
","IKhabinethi ikhuthazekile ngokuthi i-QLFS yokuthoma yee-2023 itjengise ihlandla lesithandathu ngokulandelana lokukhuphuka ngenani lemisebenzi qobe kota nangokuthi inani labantu abasebenzako abaziingidi ezili-.
",0.6095731
"Ondertekende ooreenkomste tussen die twee lande poog om handel, belegging, onderrig en verdedigingsamewerking, te versterk..
","2 likhakhabela eduze neengidi ezili-.
",0.4531868
"Wes-Kaapse Presidensiële Imbizo vir die Distriksontwikkelingsmodel (DOM).
","4 zabantu ababesebenza ngaphambi kokusahlela kwesifo sengogwana ye-Corona (i-COVID-19).
",0.6533617
"President Ramaphosa het op Vrydag, 19 Mei 2023 die sesde DOM Presidensiële Imbizo in die Wes-Kaap, Drakenstein plaaslike munisipaliteit, Kaapse Wynlanddistrik, onderneem.
","Lesi-ke sitjengiso esikhanyako esifakazela ukuthi umnotho weSewula Afrika uhluma ngobutjha ngamandla ngemva kwalesisifo esikhe sarhagala.
",0.7071171
"Die President het ŉ afvaardiging van al drie regeringsfere met die tema: “Laat niemand agter nie”, gelei.
",".
",0.10475485
"Die President het voor die Imbizo die nabygeleë Vlakkeland katalitiese menslike nedersettingsontwikkeling, wat tot op hede die grootse staatsbehuisingsontwikkeling in die Drakenstein plaaslike munisipaliteit is, besoek.
","Inani labantu abasebenzako ngekota yokuthoma litjengisa ukuthi imisebenzi ezii-209 000 ibe sekorweni ehlelekileko, kwathi imisebenzi eli-107 000 yavuleka ekorweni engakahleleki ngekota yokuthoma yomnyaka.
",0.6691797
"Die ontwikkeling wat in 2017 van stapel gestuur is sal, wanneer dit voltooi is, 2 556 huise aan kwalifiserende begunstigdes verskaf.
",".
",0.06276224
".
","Ubudlelwano BeSewula Afrika Ne-United States (i-US).
",0.11659257
"Die bou van 942 huise in die eerste fase is onderweg, met 454 wat voltooi is en 301 wat steeds gebou word.
","IKhabinethi ifakazile ukuthi nangambala ubudlelwano beSewula Afrika ne-US busese buhle, buqinile, begodu buwahlomulisa womabili amazwe la, ngemva komhlangano hlangana kwakaNgqongqotjhe wezeTjhebiswano lamaZwe ngamaZwe nokuSebenzisana, uDorh.
",0.3189077
"Die belangrikheid van dié projek is dat dit aan die behoeftes van ŉ verskeidenheid behuisingsopsies voorsien, van diegene met ŉ inkomste van R0 tot R3 500 (onder Breek Nuwe Grond), tot finansieringsgekoppelde subsidieprogram vir diegene wat tussen R3 501 en R22 000 per jaar verdien.
","Naledi Pandor noMzenda we-US eSewula Afrika uNom.
",0.5804531
"Beide maatskaplike behuisingsgeleenthede en geleenthede vir militêre veterane is in dié projek beskikbaar.
","Reuben
",0.32402363
"Toesigbesoek aan eThekwini metropolitaanse munisipaliteit en uMgungundlovu distriksmunisipaliteit op 18 en 19 Mei.
","Brigety, ngamagama akhe awakhuluma athi batjho iSewula Afrika ihlomisa i-Russia (ngeenkhali).
",0.7003846
"Adjunkpresident Paul Mashitile het belanghebbendes in onderrig en opleiding, landbou, handel en nywerheid tydens ŉ toesigbesoek aan die eThekwini metropolitaanse munisipaliteit en uMgungundlovu distriksmunisipaliteit, as deel van die DOM-toesigbesoeke, betrek.
",".
",0.044959836
"Een van die sleutelprojekte was die Ntshongweni katalitiese projekterrein waar ŉ slimstad tussen Durban en Pietermaritzburg gebou word.
","IKhabinethi ibuyelele yaqinisa ukuthi iindlela zokusebenzisana ngabosomaqhinga zikhona zisetjenziswa kiwo woke amazwe, hlangana nawo ekubalwa nayo i-US, la kungakhulunyelwa khona imiraro yokulawula ubudlelwano bobubili bamazwe lawa.
",0.59003687
"Die projek sal nuwe lewe in ekonomiese aktiwiteit in die gebied blaas en oor die volgende 10 tot 15 jaar, ongeveer R15 miljard in belegging bydra.
",".
",0.041985933
"Waterinfrastruktuur.
","IKhabinethi isithokozele isimemezelo sikaMengameli Cyril Ramaphosa sokusungulwa kwephenyo elizijameleko elizakuphenya izwangobatjho ethi iSewula Afrika ihlomisa i-Russia.
",0.30665943
"President Ramaphosa het op Dinsdag, 23 Mei 2023, die Lesotho-Hoogland-waterprojek besoek waartydens hy aan die sooispitseremonie van fase 2 van die projek deelgeneem het.
","Imininingwana yephenyweli izakumenyezelwa khona duze nje.
",0.4707653
"Dié seremonie, wat ŉ paar jaar gelede onderteken is en vertragings in die gesig gestaar het, het die versnelling van dié kritieke binasionale inisiatief aangedui.
",".
",0.082012646
"Die Lesotho-Hoogland-waterprojek is van kardinale belang om die watertoevoersekerheid in Gauteng, die Vrystaat, Mpumalanga en die Noord-Kaap, te verseker.
","Ubudlelwano BeSewula Afrika Ne-Singapore.
",0.6425874
"Die belegging in waterinfrastruktuur om die lewens van Suid-Afrikaners te verbeter, duur voort met die toewysing van meer as R14 miljard aan munisipaliteite om waterinfrastruktuuragterstand, deur die infrastruktuurtoelaag vir streeksinfrastruktuur op grootmaat (RBIG in Engels) en die infrastruktuurtoelaag vir waterdienste (WSIG in Engels), aan te spreek.
","UMengameli Ramaphosa usingethe ivakatjho likaNdunakulu u-Lee Hsien Loong weRiphabhligi ye-Singapore ngeLesibili womhla we-16 kuMrhayili wee-.
",0.62404346
"Die RBIG sal op 130 projekte bestee word en die WSIG sal toegewys word aan meer as 400 projekte landwyd.
",".
",0.082681075
"Die Kabinet is ook verheug dat die Departement van Water en Sanitasie (DWS) vordering toon in die stryd teen korrupsie, met nagenoeg R600 miljoen wat deur maatskappye wat voordeel getrek het uit tenders wat onreëlmatig toegeken is, terugbetaal is.
","I-Singapore ililizwe eliqakathekileko elisisisa lapha eSewula Afrika, njengoba amasiso wayo adlula imali emabhiliyoni ama-R5 emakorweni anjengewokukhiqiza, zeemali kunye nezokwakhiwa nokuthengiswa kwemakho.
",0.6647209
"Die Kabinet het ook kennis geneem van die voorkomende beheermaatreëls wat deur die departement ingestel is om onreëlmatige, nuttelose en verkwistende besteding uit die weg te ruim.
","Iimvumelwano ezitlikitliweko hlangana namazwe amabili la zinqophe ukuqinisa ukusebenzisana kezerhwebo, zamasiso, zefundo nezokuvikela.
",0.6225332
"Maatskaplike beveiligingstoekening.
",".
",0.30390286
"Suid-Afrika het die toonaangewende Internasionale Maatskaplike Beveiligingsvereniging (ISSA in Engels) se toekenning vir goeie praktyk in maatskaplike veiligheid vir Afrika 2023 ontvang, wat die regering se belegging in die lewens van ons kinders, veral diegene vanaf arm en kwesbare huishoudings, erken.
","Imbizo KaMengameli Ngesibonelo Sokuthuthukiswa kwesiyingi SeTjingalanga Kapa
",0.49475294
"Suid-Afrika se inskrywing vir dié toonaangewende toekenning is getiteld: “geleidelike uitbreiding van maatskaplike veiligheidsdekking aan kwesbare kinders: die geval van die kinderondersteuningstoelaag, Suid-Afrika”.
","(i-DDM).
",0.30894515
"ŉ Totaal van 138 inskrywings is vanuit 48 lede-instansies in meer as 30 lande in Afrika, ontvang.
","UMengameli uRamaphosa ubize iMbizo yesithandathu yobeNgameli nge-DDM eTjingalanga Kapa, kuMasipala we-Drakenstein, esiYingini se-Cape Winelands, ngeLesihlanu womhla we-19 kuMrhayili wee-.
",0.5093881
"Ons maatskaplike bystand is die kern van die regering se armoedeverligtingsprogram en kernbelangrik om die waardigheid van ons mense te herstel.
",".
",0.057491172
"Suid-Afrika se maatskaplike beskermingstelsel is onder die grootste ter wêreld, met meer as 18 miljoen begunstigdes..
","UMengameli uthwele ibandla leenthunywa elijamele zontathu iingaba zikarhulumende, ngaphasi kommongondaba othi: “Akungasali Muntu Ngemva.” Ngaphambi kweMbizo, uMengameli ukhe wavakatjhela ihlelo lokwakha izindlu eliseduzapho, i-Vlakkeland Catalytic Human Settlement Development, elilihlelo lokwakhela umphakathi elingelikhulu ukuwadlula woke akhe aba khona kuMasipala weNdawo ye-Drakenstein.
",0.31404877
"Begrotingsposte.
","Zizii-2 556 izindlu ezizokutholwa babantu abalungele ukuzithola naliphelako lelihlelo lokwakhela abantu izindlu elathoma ngomnyaka wee-.
",0.3669513
"Die Kabinet is verheug dat begrotingsposte deur regeringsdepartemente goed vorder.
",".
",0.12962005
"Die skedule van die komende begrotingsposte en ondersteunende media-inligtingsessies:..
","Uthomile umsebenzi wokwakha izindlu ezima-942 esiGabeni sokuthoma sokwakha, lapha sekuphele ezima-454, ukube kanti ezima-301 zisakhiwa.
",0.53810763
"Die Minister van Samewerkende Regeerkunde en Tradisionele Sake (CoGTA), Me.
","Ukuqakatheka kwehlelweli kukuthi lakha izindlu zemihlobo ehlukahlukileko, ezilungele imirholo ehlukahlukileko, ukusukela ku-R0 ukuyokufika ku-R3 500 (ngaphasi kwe-Breaking New Ground) ukuya ehlelweni lokusizwa ngemali elibizwa ngokuthi yi-Finance Linked Individual Subsidy Programme, elenzelwe labo abarhola hlangana kwe-R3 501 ne-R22 000 ngomnyaka.
",0.56423914
"Thembi Nkadimeng, sal op Vrydag, 26 Mei 2023 om 13:00 ŉ media-inligtingsessie oor CoGTA se begrotingspos, wat die maatreëls wat poog om die prestasie van munisipaliteite te versterk, uiteen sal sit, belê.
","Kilelihlelo lokwakha kunamathuba wokwakhelwa komphakathi ojayelekileko (i-Social Housing) kunye namathuba wokwakhelwa kwaboMakadabona bePi.
",0.65358114
"..
",".
",0.859395
"Die Minister van Maatskaplike Ontwikkeling, Me.
","Ivakatjho Lokuhlola Ukusebenza kuMasipala weDorobha leThekwini NeweSiyingi seMgungundlovu
",0.45438933
"Lindiwe Zulu, en die Minister van Justisie en Korrektiewe Dienste, Mnr.
","Ngomhla We-18 Nowe-19 KuMrhayili Wee-2023
",0.59069777
"Ronald Lamola, sal op Dinsdag, 30 Mei 2023 hul begrotingsposte hou en die besonderhede van hulle media-inligtingsessies sal ter gelegener tyd gedeel word..
",".
",0.056565605
"Die Presidensie se begrotingspos sal op Woensdag, 31 Mei 2023 ter tafel gelê word en die media-inligtingsessie oor vordering met strukturele hervormings en die indiensname-inisiatiewe wat deur Operasie Vulindlela gekoördineer is, sal op Dinsdag, 30 Mei 2023, gehou word.
","ISekela likaMengameli u-Paul Mashatile ukhe wacocisana nabahlanganyeli kezefundo nokuthwasisa, kezokulima, zerhwebo nezamabubulo lokhuya nakasevakatjhweni lokuyokuhlola kwaMasipala weThekwini Methro nakuMasipala wesiYingi weMgungundlovu njengengcenye yamavakatjho wokuhlola ukusebenza kwehlelo le-DDM.
",0.67073137
"Afrika-dag en die Afrika-portuuroorsigmeganisme (APRM in Engels) 20-jaar herdenking.
",".
",0.10576205
"Die Kabinet en alle Suid-Afrikaners sluit by die kontinent van Afrika en die wêreld aan om op Donderdag, 25 Mei 2023 Afrika-dag te vier.
","Enye yamaphrojekthi aqakathekileko avakatjhelweko kube yiNtshongweni Catalytic Project lapho kwakhiwa khona i-Smart City hlangana kweTheku noMgungundlovu.
",0.54657733
"Dié jaar is veral belangrik omdat dit die 60ste herdenking van die stigtingsmanifes van die Organisasie vir Afrika-eenheid, die voorganger van die Afrika-unie, se ondertekening vier.
","IPhojekthi le izakuvuselela imisebenzi yomnotho kilendawo, ngaleyindlela kungene imali elinganiselwa kumabhiliyonini ali-R15 ngamasiso, eminyakeni eli-10 ukuya keli-15 ezako.
",0.6269669
"Die tema vir die 2023-vierings — “Bespoediging van die Afrika kontinentale vryhandelsgebied-implementering” — erken die vooruitgang aangaande die inwerkingtreding van een van die wêreld se grootste vryhandelsgebiede.
",".
",0.036689043
"Dié jaar se Afrika-maandviering gaan gepaard met die 20ste herdenking van die ARPM, wat poog om goeie regeerkunde op die kontinent deur sistematiese portuurleer en self-assessering, te bevorder
","Umthangalasisekelo Wezamanzi
",0.5058408
"Kabinetsbesluite.
",".
",0.35674092
"Namakwa spesiale ekonomiese sone (SES).
","UMengameli Ramaphosa uvakatjhele ihlelo lokuphakela amanzi i-Lesotho Highlands Water Project ngeLesibili womhla wama-23 kuMrhayili wee-2023 lapho abe khona nesandla ekambisweni yokuphendulwa kwesoyi yesiGaba 2 salelihlelo.
",0.5103147
"Die Kabinet het die aanwysing van die Namakwa SES in Aggeneys in die Noord-Kaap, goedgekeur.
","Ngemva kobana sekuminyaka satlikitlwa lesisivumelwano salelihlelo nangemva kobana seliriyade kangaka, ikambiso yamva le ibe lithemba lokuliphakamisa iinyawo lelihlelo eliqakathekileko.
",0.5180399
"Die voorgestelde aanwysing is ingevolge die Wet op Spesiale Ekonomiese Sones, 2014 (Wetnr.
","I-Lesotho Highlands Water Project iqakathekile ekuqinisekiseni ukutholakala kwamanzi e-Gauteng, eFreyistata, eMpumalanga, eTlhagwini Tjingalanga kunye neTlhagwini Kapa.
",0.56887746
"16 van 2014) gedoen en die voorgestelde SES is deel van die presidensiële beleggingsaksie.
",".
",0.13797238
"Die Namakwa SES sal mynbouveredeling, die vervaardiging van groen waterstof, infrastruktuurontwikkeling, hernubare energie en agroverwerking, beskikbaar maak.
","Ukusetjenziswa kweensetjenziswa nemithombo yamandla emthangalenisisekelo ukuphakamisa ipilo yamaSewula Afrika kusaragela phambili njengoba abomasipala sebabelwe imali engaphezulu kwamabhiliyoni ali-R14 kobanyana balungise imiraro yokusalela emva komthangalasisekelo, ngesiBonelelo somthangalasisekelo i-Regional Bulk Infrastructure Grant (i-RBIG) nese-Water Services Infrastructure Grant (i-WSIG).
",0.6516286
"Dié sektore is kernbelangrik vir werkskepping en ekonomiese ontwikkeling van die Noord-Kaap en die land..
","I-RBIG izokusetjenziswa emaphrojekthini ali-130 bese kuthi i-WSIG ihlukaniselwa amaphrojekthi angaphezulu kwama-400 elizweni lokeli.
",0.5847134
"Meer as R29 miljard se beleggings is reeds vir fase 1 van die SES belowe.
",".
",0.098696224
"Dit sluit in beloftes van Vedanta Zinc (R16 miljard), Frontier Rare Earth (R13 miljard), Hive Energy (R200 miljoen) en RRS Trade and Investment (R100 miljoen)..
","IKhabinethi ithokozile nangokuthi umNyango wezaManzi nezokuHlwengisa (i-DWS) wenza indima ebonakalako ekulwiseni ubukhohlakali, njengoba pheze seyihlanganisa ama-R600 weengidi imali esele ibuyiswe ziinkhampani ezahlomula ngamathenda ayeragwe ngokungasimthetho.
",0.68128043
"Nasionale waterhulpbronstrategie, derde uitgawe (NWHS-3).
","IKhabinethi itjhejile nokuthi sekunamagadango abekiweko wokukhandela abekwe mnyango wezamanzi ukuqeda ukusetjenziswa kwemali ngokungakafaneli, nangendlela engabuyiseliko nekudlala ngemali.
",0.55177486
"Die Kabinet het die NWHS-3 2023 vir implementering goedgekeur en die strategie is bindend op alle owerhede en instansies wat die Nasionale Waterwet, 1998 (Wetnr.
",".
",0.059060905
"36 van 1998) implementeer.
","UNongorwana Wezokuvikeleka Komphakathi .
",0.43924198
"Daar word aan dié strategie gestalte gegee deur ŉ drie-jaar-hersiening van die NWHS-2, wat gebiede van welslae en gebiede wat steeds ŉ uitdaging bly, bepaal het..
","ISewula Afrika ithokozwe ngonongorwana orhanyazelako wamazwe ngamazwe
",0.5281139
"Die NWHS-3 bestaan uit drie tematiese doelwitte, dat water en sanitasie ontwikkeling, die wegwerking van armoede en ongelykheid moet ondersteun, dat water moet bydra tot die ekonomie en werkskepping en dat water volhoubaar en regverdig beskerm, gebruik, ontwikkel, bestuur en beheer moet word.
","wokuvikeleka komphakathi nokusebenza kuhle ngeendaba zomphakathi emazweni we-Afrika emnyakeni wee-2023 – i-International Social Security Association (i-ISSA) Good Practice Award in Social Security for Africa 2023 – othokoza umsebenzi karhulumende wokusiza epilweni yabantwabethu, khulukhulu labo ababuya emakhaya anganalitho nanganabuyo.
",0.6661266
"Dié strategie maak vatbare voorstelle vir die verhoging van watertoevoer, die vermindering van wateraanvraag, doeltreffende water- en sanitasiebestuur, die regulering van die water- en sanitasiesektor, die herverspreiding van water vir transformasie, die bevordering van internasionale samewerking en die bestuur van water en sanitasie in ŉ veranderende klimaat..
",".
",0.028618626
"Die NWHS-3 is op die DWS se webwerf by www.dws.gov.za, gepubliseer.
","ISewula Afrika ingene kilonongorwana orhanyazelako ngesihloko esithi: “Kancanikancani Selula Isandla Sokuvikela Abantwana Abacaphazeka Lula Emphakathini: Indaba YesiBonelelo SabaNtwana, ESewula Afrika.” Babe li-138 abebaphalisana bavela eenjamisweni ezima-48 ezimalunga emazweni we-Afrika angaphezulu kwama-.
",0.59219575
".
",".
",0.9999998
"Verslag oor maatreëls wat deur die Departement van Verdediging geïmplementeer is om die optrede en gedrag van lede van die Suid-Afrikaanse Nasionale Weermag (SANW) wat in vredesendings ontplooi is, aan te spreek..
","Isizo lethu lokwenyula umphakathi liyisika yehlelo likarhulumende lokwethula abantu umtlhago nokubuyisa isithunzi sabantu bekhethu.
",0.6191267
"Die Kabinet het ŉ verslag ontvang oor die vordering wat Suid-Afrika maak om die gedrag van sommige van die SANW-lede wat in vredehandhawingsendings regoor die kontinent ontplooi is, aan te spreek.
","Ihlelo lokuvikela umphakathi eSewula Afrika libalwa hlangana namahlelo angamakhulu khulu ephasini, njengoba lihlomulisa abantu abangaphezulu kweengidi ezili-18 nje.
",0.60662043
"Die SANW is ŉ bron van nasionale trots omdat hy aan vredehandhawingsendings op die kontinent deelneem om stabiliteit en vrede in oorloggeteisterde Afrika-nasies onder die beskerming van die Verenigde Nasies (VN) te bewerkstellig..
",".
",0.045490876
"ŉ Ministeriële taakspan is in 2019 gestig om gevalle van seksuele uitbuiting en mishandeling (SUM) in die DoV te ondersoek, nadat bewerings van seksuele oortredings deur militêre vredebewaarders in 2015 aan die lig gekom het..
","Amavowudi Ngesabelo Seemali
",0.44625503
"Die Kabinet is bly oor die stel maatreëls wat in plek gestel is om die gevalle van SUM in die SANW se vredehandhawingsendings aan te spreek.
",".
",0.06861266
"Die VN erken Suid-Afrika as beste praktyke en het die land geprys vir die vordering wat gemaak is om SUM in die SANW uit te wis.
","IKhabinethi ithokozile ngokuthi amaVowudi ngeSabelo seeMali weminyango karhulumende akhamba kuhle.
",0.50223917
"Die Kabinet het beklemtoon dat die praktyk van SUM nie die goeie rekord van die SANW op die kontinent mag bevlek nie..
","Nanti irherho elizako lamaVowudi ngeSabelo seeMali nemihlangano yeendaba eliphekelelako:
",0.57540756
"2023 Jeugmaand.
","..
",0.2236155
"Die Kabinet het die 2023 jeugmaandprogram met die tema: “bespoedig ekonomiese emansipasie van die jeug vir ŉ volhoubare toekoms” goedgekeur.
","ULesihlanu womhla wama-26 kuMrhayili wee-2023 nge-iri le-13:00, uNgqongqotjhe womNyango wezokuBusa ngokuBambisana nezeNdabuko (i-CoGTA), uMm.
",0.54472494
".
","uThembi Nkadimeng uzokubamba umhlangano nembikiindaba ngeVowudi yeSabelo seeMali se-CoGTA ezakubeka amagadango anqophe ukuqinisa ukusebenza kwabomasipala.
",0.10731754
"Adjunkpresident Mashatile sal die nasionale dag toespreek wat dié jaar oor twee dae, van 16 tot 17 Junie, by die Mangaung opelugsportsentrum, Mangaung, Bloemfontein, in die Vrystaat, gevier sal word.
","..
",0.051852867
"Daar sal tydens die twee dae ŉ geleentheid vir die jeug wees om aan gesprekke met ministers, adjunkministers en ander belanghebbendes deel te neem oor verskeie opleidings-, entrepreneurs- en ontwikkelingsgeleenthede wat by die regering en maatskaplike vennote beskikbaar is..
","NgeLesibili womhla wama-30 kuMrhayili wee-2023, uNgqongqotjhe wezokuThuthukiswa koMphakathi uMm.
",0.6171771
"Jeugmaand sal op Donderdag, 1 Junie by die Hector Pieterson-gedenkteken en museum in Soweto deur die Minister in die Presidensie vir vroue, die jeug en mense met gestremdhede, Dr. Nkosazana Dlamini Zuma, geloods word..
","uLindiwe Zulu banoNgqongqotjhe wezomThethobulungiswa nezokuVuselelwa kweSimilo uNom.
",0.6561821
"Die Kabinet het ŉ oproep op die samelewing gedoen om pogings om te verseker dat jongmense toegang tot geleenthede het wat hulle toelaat om aktief aan die ekonomie deel te neem, te verskerp.
","Ronald Lamola bazokubamba amaVowudi ngeSabelo seeMali seminyangwabo, nje-ke imininingwana yemihlangano yeendaba yakhona izakumenyezelwa khona duze nje.
",0.65110815
"Die regering, as die grootste werkgewer, het op die behoefte vir vaardigheidsontwikkeling en jeugindiensname gereageer deur werklose graduandi toe te laat om ervaring deur die internskap- en leerderskapprogram vir gegradueerdes in die staatsdiens, te verkry.
","..
",0.055986173
"Die regering implementeer ook die maatskaplike indiensnamefonds (MIF) en hernude nasionale jeugdiens (NJD) se werkskeppingsinisiatiewe wat duisende jeugdiges by die ekonomie betrek.
","IVowudi ngeSabelo seeMali ye-Ofisi kaMengameli izokwethulwa ngeLesithathu womhla wama-31 kuMrhayili wee-2023 kanti-ke umhlangano nembikiindaba ngeNdima yamaTjhuguluko aQakathekileko nangamaGadango wemiSebenzi ahlanganiswe nge-Operation Vulindlela uzokubanjwa ngeLesibili womhla wama-30 kuMrhayili wee-.
",0.6219506
".
",".
",0.9999998
"Die Presidensiële ingryping vir jeugindiensname het reeds toegang tot 1,5 miljoen tydelike lonende geleenthede, een miljoen werkgebaseerde plasings, 250 000 werksgeïntegreerde leergeleenthede, 250 000 betaalde diensgeleenthede en 500 000 jongmense wat by volhoubare lonende geleenthede betrokke is, met sukses ondersteun.
","ILanga Le-Afrika Nomnyaka Wama-20 WeHlelo LokweLusana Kwamazwe We-Afrika (i-APRM).
",0.56049514
"Die regering herinner jongmense, namate ons jeugmaand betree, om op die SAYouth.mobi-platvorm te registreer soos wat vier miljoen van hul landgenote reeds gedoen het, waar daar toegang tot werksgeleenthede verkry kan word.
","1 IKhabinethi nawo woke amaSewula Afrika ahlanganyela nelizwekazi le-Afrika nephasi loke ekugidingeni iLanga le-Afrika ngeLesine womhla wama-25 kuMrhayili.
",0.6716248
"Mede-aanbieding van die forum vir landbounavorsing in Afrika (FARA) se agtste landbou-ondernemings- en wetenskapweekkonferensie en sy negende algemene byeenkoms.
","Umnyaka lo uqakatheke ngokukhethekileko njengoba phela ukuhlangana kwama-60 weminyaka kwatlikitlwa umtlolo wokusungulwa kweHlangano yoBunye be-Afrika, esele yaziwa njengeHlanganisela yamaZwe we-Afrika (i-AU).
",0.6254894
"Die Kabinet het die mede-aanbieding van FARA se agtste Afrika-landbou-ondernemings- en wetenskapweekkonferensie en sy negende algemene byeenkoms van 5 tot 9 Junie 2023 in Durban, goedgekeur.
","Ummongondaba wemigidingo yaNonyaka uthi – “Ukuphunyeleliswa Kwamsinyana Kwekundla Yokurhwebelana Ngekululeko Elizwekazini Le-Afrika” ¬– uvuma imizamo eyenziwako yokuwenza asebenze amagadango wokurhweba kilekundla engekulu ephasini ekurhwebelaneni ngekululeko.
",0.6089433
"Die FARA is die top kontinentale organisasie wat verantwoordelik is vir die fasilitering en koördinasie van landbounavorsing en -innovasiebevordering op die kontinent.
",".
",0.06972938
".
","2 Ukugidingwa kweNyanga Ye-Afrika nonyaka kuthomana nokuhlangana kwama-20 weminyaka we-APRM, enqophe ukwakha ikambiso ehle yokusebenza elizwekazini le-Afrika ngehlelo lokufundisana namanye amazwe nelokuzinuka amakhwapha
",0.07755864
"Suid-Afrika sal, deur die geleentheid aan te bied voordeel trek uit medewerking en vennootskappe met kontinentale landbou- en navorsingsinstansies deur beste praktyke in landbouwetenskap en -navorsing te deel.
","Iinqunto ZeKhabinethi .
",0.49973756
"Suid-Afrika stel landbounavorsing vir ontwikkeling hoog op prys, veral aan die hand van klimaatsverandering en ander faktore wat die land se vermoë om voedselsekerheid, ekonomiese ontwikkeling en indiensname te bereik, beïnvloed.
","Isizinda Esikhethekileko Sezomnotho LeNamakwa
",0.5130267
"Daar word verwag dat die konferensie 800 afgevaardigdes na KwaZulu-Natal en Gauteng sal lok en dit sal bydra tot ekonomiese aktiwiteit..
","(i-SEZ).
",0.20167267
"Handelsake.
","IKhabinethi ivumele ukukhethwa kwesizinda esikhethekileko sezomnotho i-Namakwa SEZ e-Aggeneys eTlhagwini Kapa.
",0.38209128
"Die Kabinet het ŉ verslag ontvang wat op verbeterings in die land se handels- en uitvoerprogram dui.
","Ukukhethwa nokuthukwa kwendawo le njengeSizinda esiKhethekileko sezoMnotho kwenziwe ngokomThetho weeZinda zoMnotho aziKhethekileko wee-2014 (umThetho Nomboro 16 wee-2014) kanti-ke lendawo ekuphakanyiswe ukuthi ibe sizinda somnotho iyingcenye yeHlelo lamaSiso likaMengameli.
",0.53675026
"Die verslag het aangedui dat Suid-Afrika tydens 2022 goedere ter waarde van R300 miljard aan 12 lande uitgevoer het en hierdeur ŉ beraamde 57 300 direkte werke gehandhaaf het
",".
",0.044132017
"Aanstellings Alle aanstellings is onderhewig aan die verifikasie van kwalifikasies en toepaslike klaring.
","INamakwa SEZ izokuvula ihlelo lokuhlengwa kwezenjiwa zemayini, ukukhiqizwa kwehayithrojini ehlaza, ukwakhiwa nokuthuthukiswa komthangalasisekelo, ukuvuseleleka kwegezi kunye nokulungiselelwa ukusetjenziswa kwemikhiqizo.
",0.5729261
"Meneer Bernard Scelo Duma as adjunkdirekteur-generaal: plaaslike regeringswerksaamhede en ondersteuning by die Departement van Samewerkende Regering..
","Amakoro lawa aqakathekile ekuvulweni kwemisebenzi nekuthuthukisweni komnotho weTlhagwini Kapa newelizwe loke.
",0.56569433
"Direkteursraad van die Raad vir Minerale Tegnologie
",".
",0.18283586
"Me.
","Ngewemali engaphezulu kwamabhiliyoni ama-R29 amasiso esele athenjiswe ukufakwa esigabeni sokuthoma se-SEZ.
",0.16282465
"Ntombifuthi Zikalala-Mvelase (Adjunkvoorsitter en heraanstelling)
","Lapha-ke kubalwa iinthembiso zokuzibophelela kwe-Vedanta Zinc (amabhiliyoni ali-R16), kwe-Frontier Rare Earth (amabhiliyoni ali-R13), kwe-Hive Energy (iingidi ezima-R200) kunye nokwe-RRS Trade and Investment (iingidi ezili-R100).
",0.7312728
"Me.
",".
",0.61905545
"Pontsho Maruping (heraanstelling)
","Umgadangiso Wesithathu Wehlelo Lamanzi Lelizwe (i-NWRS-3) 2023
",0.6722489
"Mnr.
",".
",0.73522854
"Rudolf Heydenrich (heraanstelling)
","IKhabinethi ivumele ukuphunyeleliswa kwe-NWRS-3 2023 begodu ihlelweli lisibopho kizo zoke iimphathimandla neenjamiso eziphumelelisa umThetho wezaManzi womnyaka we-1998 (umThetho Nomboro 36 we-1998).
",0.58824027
"Dr. Siyabonga Simayi
",".
",0.18556051
"Dr. Takalani Madzivhandila
","Ihlelweli lisekelwe libuyekezo leminyaka emithathu le-NWRS-2, eliveze ipumelelo eyenziweko neendawo ekusamele zitjhejwe.
",0.59554434
"Me.
",".
",0.61905545
"Azwinndini Mavis Thomani
","I-NWRS-3 yakhiwe minqopho emithathu yommongondaba ihlelo lamanzi nokuhlwengisa ekumele bona liyisekelele ukwakhiwa nokuthuthukiswa, kuqedwe ubuchaka nokutjhiyana ngendima ngokomnotho, kufakwe isandla sokuhlumisa umnotho nokuvulwa kwemisebenzi, amanzi avikelwe, asetjenziswe, atsengwe ngefanelo, aphathwe abe alawulwe ngendlela ebambelelako nelinganisekileko.
",0.4536147
"Mnr.
",".
",0.73522854
"Livhu Nengovhela; en
","Ihlelweli lenza iimphakamiso ezizwakalako zokwandisa amanzi atholakalako, kuphunguke umthamo wokufuneka kwamanzi, amanzi nokuhlwengisa kuphathwe ngcono, kube nelawulo lekoro yamanzi nokuhlwengisa, amanzi asatjalaliswe ngobutjha ngokulandela ukuhlela ngobutjha, kukhuthazwe ukusebenzisana kwamazwe ngamazwe, kulawulwe zamanzi nezokuhlwengisa ebujameni betlayimethi obutjhugulukatjhugulukako.
",0.5118562
"Me.
",".
",0.61905545
"Faith Ntokozo Ngcwabe (verteenwoordiger vir die Departement van Minerale Hulpbronne en Energie)..
","I-NWRS-3 igadangiswe kubunzinzolwazi be-DWS ku-www.dws.gov.za.
",0.7410012
"Direkteursraad vir die Raad vir Geowetenskap
",".
",0.21818013
"Mnr.
","Umbiko Ngamagadango Athethwe Mnyango Wezokuvikela (i-DoD) Ukukhalima Ukuziphatha Kwamalunga Webutho Lamajoni Wezokuvikela (i-SANDF) Athunywe Ukuyokusebenza Emahlelweni Wokuncengelela Ukuthula.
",0.19953316
"Kelepile Dintwe (Voorsitter)
","IKhabinethi ithole umbiko wendima yokusebenza eyenziwa yiSewula Afrika ukukhalima ukuziphatha Kwamanye Amalunga we-SANDF athunywe ukuyokusebenza emahlelweni wokuncengelela ukuthula elizwekazini le-Afrika.
",0.55123913
"Mnr.
",".
",0.73522854
"Xolisa Mvinjelwa (Adjunkvoorsitter)
","I-SANDF beyisijamiso esizikhakhazisa ngaso njengoba sinesandla esisiza ngaso emajimeni wokuncengelela ukuthula elizwekazini le-Afrika ngomnqopho wokwakha ukunzinza nokuthula emazweni we-Afrika aragelelwe zizipi ngaphasi kwephiko leHlangano yeenTjhaba eziBumbeneko (i-UN).
",0.42551255
"Adv.
",".
",0.52186614
"Ntika Maake
","Kwathi nakuzwakala izwangobatjho yokuthi amajoni wokuncengelela ukuthula amagamawo abalwa ezenzweni zokugangela abantu abasikazi ngezomseme ngomnyaka wee-2015, ngomnyaka wee-2019 kwasungulwa isiQhema saboNgqongqotjhe kobanyana siphenye ngezwangobatjho yamacala wokugangelwa nokukhahlunyezwa ngezomseme (i-SEA) ngaphakathi kwe-DoD.
",0.361602
"Dr. Mayshree Singh
",".
",0.19202292
"Dr. Siyanda Mngadi
","IKhabinethi iyathokoza ngamagadango asele athethwe ukukhalima izehlakalo ze-SEA emsebenzini we-SANDF wokuncengelela ukuthula.
",0.47995973
"Dr. Ntombifuthi Nxumalo
","I-UN ithatha iSewula Afrika njengelizwe elinemikghwa emihle khulu begodu iyalibuka ilizwe lekhethu ngendima esele yenziwe yokucitha i-SEA kwa-SANDF.
",0.6880264
"Me.
",".
",0.61905545
"Thobeka Njozela
","IKhabinethi ikhulume yagandelela ukuthi ukuziphatha kwe-SEA angeze kuvunyelwe ukona igama elihle le-SANDF elizwekazini le-Afrika.
",0.62962687
"Mnr.
",".
",0.73522854
"Andries Moatshe
","INyanga YeLutjha Yee-2023.
",0.58671534
"Dr. Moloko Matlala
","1 IKhabinethi ivumele iHlelo leNyanga YeLutjha lomNyaka wee-2023 ngaphasi kommongondaba othi: “Sirhabisa Ukukhululeka Kwelutjha Kezomnotho Ngomnqopho Wengomuso Elibambelelako.”
",0.5328221
"Mnr.
",".
",0.73522854
"Mandla Malindisa
","ISekela likaMengameli u-Mashatile uzokukhuluma embuthanweni weLanga leLutjha weliZwe Loke nonyaka elizokuthatha amalanga amabili ukusukela ngomhla we-16 ukuyokufika kumhla we-17 kuMgwengweni wee-2023 e-Mangaung Outdoor Centre, e-Mangaung, e-Bloemfontein, eFreyistata.
",0.35666007
"Dr. Mmboneni Muofhe; en
","Kilamalanga amabili, ilutjha lizokuthola ithuba lokukhulumisana naboNgqongqotjhe, namaSekela waboNgqongqotjhe kunye nabanye abahlanganyeli abangaphakathi kwakarhulumende nebomphakathi.
",0.48520783
"Mnr.
",".
",0.73522854
"Mosa Mabuza (HUB)
","INyanga yeLutjha izokuvulwa ngomhla wo-01 kuMgwengweni, ivulwa nguNgqongqotjhe e-Ofisini kaMengameli oqalelele zaboMma, zeLutjha nezabaNtu abanokuKhubazeka, uDorh.
",0.39679044
"Wetsontwerpe.
","Nkosazana Dlamini-Zuma e-Hector Pieterson Memorial and Museum e-Soweto.
",0.45150054
"Konsepwysigingswetsontwerp op die Onafhanklike Polisie-ondersoekdirektoraat (OPOD) van.
",".
",0.11807625
"Die Kabinet het die OPOD-konsepwysigingswetsontwerp van 2023 vir voorlegging aan die Parlement, goedgekeur..
","IKhabinethi ikhwezelele umphakathi ukuthi uqinise imizamo yokuqinisekisa ukuthi abantu abatjha bathola amathuba azabavulela amasango wokungena babe nelitho abalenzako emnothweni welizwe lekhethu.
",0.31750092
"Die Wysigingswetsontwerp wysig die OPOD-wet, 2011 (Wetnr.
",".
",0.16724479
"1 van 2011) en maak voorstelle wat ten doel het om die institusionele en bedryfsonafhanklikheid van die OPOD te verskans, wat uiting aan die “McBride-uitspraak” gee..
","Urhulumende, njengomqatjhi oyena oqatjhe abantu abanengi khulu ukudlula koke laphokhunye, usiphendulile isidingo sokwakhiwa nokuthuthukiswa kwamakghonofundwa nesokuqatjhwa kwelutjha ngokuvumela iimfundiswa ezingasebenziko kodwana zibe zineziqu zefundo ukuthi zizitholele ilimuko lomsebenzi ngeHlelo lokuFundiselwa umSebenzi zibe ziRhola emBusweni (i-Public Service Graduate Internship and Learnership Programme).
",0.6032387
"Die wysigings spreek ook die kwessies aan wat deur die Grondwetlike Hof geopper is en wat sekere voorskrifte van die OPOD-wet van 2011 as ongeldig verklaar het, wat die Minister toegelaat het om die Uitvoerende Direkteur te skors, om na skorsing dissiplinêre stappe teen die Uitvoerende Direkteur te neem, en om die Uitvoerende Direkteur uit die amp te verwyder.
","Urhulumende godu uphumelelisa namagadango wokwakhiwa kwemisebenzi wesiKhwama seeMali sokuSiza ukuQatjhwa komPhakathi (i-Social Employment Fund [i-SEF]) neHlangano eQalelela ukuSebenzela iLutjha (i-NYS), adosa iinkulungwana zelutjha zingene emnothweni.
",0.6174245
"Die Wetsontwerp stel ŉ meer deursigtige en oop proses vir die aanstelling van die Uitvoerende Direkteur, asook ŉ gedetailleerde en deeglike proses vir integriteitstoetsing van OPOD-beamptes, voor.
",".
",0.05474934
"Die Wetsontwerp maak ook voorsiening vir die wysiging van ander voorskrifte van die Hoofwet, om sodoende te verseker dat die OPOD sy mandaat doeltreffend en doelmatig uitvoer.
","IHlelo likaMengameli lokuSiza iLutjha ngemiSebenzi (i-Presidential Youth Employment Intervention) seliphumelele ukusekela ukuvuleka kwamathuba wamatorho asigidi si-.
",0.54891306
"Die konsepwetsontwerp is by www.policesecretariat.gov.za beskikbaar.
","5, nokuqatjhelwa imisebenzi esigidi, namathuba wokufundela umsebenzi azii-250 000, namathuba womsebenzi orholelwako azii-250 000, nazii-500 000 wabantu abatjha abafakwe emathubeni abambelelako wengeniso/womrholo.
",0.5757908
"Algemene Konsepwysigingswetsontwerp op Intelligensiewette (GILAB) van.
","Njengoba singena eNyangeni yeLutjha nje, urhulumende ukhumbuza abantu abatjha ukuthi bazitlolise ekundleni i-SAYouth.mobi njengoba abangani babo abaziingidi ezine sele benzile nje, la kungatholakala khona amathuba womsebenzi.
",0.56615835
"Die Kabinet het die konsep-GILAB van 2023 vir voorlegging aan die Parlement, goedgekeur.
",".
",0.11417438
"Die GILAB stel wysigings voor aan die Wet op Nasionale Strategiese Intelligensie, 1994 (Wetnr.
","Ukusingathisana Ikundla Yerhubhululo Lezokulima E-Afrika (i-FARA) Elingelehlandla LobuNane Lamabhizinisi Wezokulima Nekhonfrensi Yeveke Yesayensi Nomhlangano Wayo Ojayelekileko Wehlandla LeThoba..
",0.5119231
"39 van 1994).
","IKhabinethi ivumele iSewula Afrika ukusingathisana ikhonfrensi yehlandla lobunane i-FARA African Agri-Business and Science Week kunye nehlandla lethoba lomHlangano wayo oVamileko ezokubanjelwa eThekwini ukusukela ngomhla we-05 ukuyokufika kumhla we-09 kuMgwengweni wee-.
",0.20627135
"Die Wetsontwerp gee uitvoering aan die aanbevelings van die Presidensiële Hoëvlak-oorsigpaneel oor die Staatsveiligheidsagentskap (SVA) asook die implementeringsplan van die Regterlike Kommissie van Ondersoek oor die bewerings van ŉ staatsgreep, korrupsie en bedrog in die staatsektor, waaronder staatsliggame.
",".
",0.029730164
".
","I-FARA isiqongolo seenhlangano zelizwekazi le-Afrika eziqalene nokukghonakalisa nokulungelelanisa imisebenzi yerhubhululo lezokulima neyokuthuthukiswa kwamandla wokusungula elizwekazineli.
",0.10857627
"Die Wetsontwerp beoog, onder andere, om
",".
",0.28547004
"die intelligensiedienste te herstruktureer om voorsiening te maak vir ŉ institusionele argitektuur wat doeltreffendheid en doelmatigheid in werking stel deur die binnelandse intelligensie-agentskap en die buitelandse intelligensie-agentskap te vestig
","Ngokusingatha umbuthano lo, iSewula Afrika izokuhlomula ngokusebenzisana nangokubambisana nemisebenzi yezokulima neyeenjamiso zerhubhululo ngokusebenzisana ngekambiso ehle esayensini yezokulima nerhubhululweni.
",0.6855475
"die gebreke oor die funksionering van die seinintelligensiekapasiteit, soos deur die Grondwetlike Hof bevestig, te herstel
","ISewula Afrika ilithathela phezulu irhubhululo lezokulima kezetuthuko, khulukhulu njengoba siqalene netlayimethi etjhugulukatjhugulukako nje nezinye izinto eziliya ikghono lelizwe lekhethu ukuba sezingeni eliphezulu lokutholakala kokudla, ukuthuthukiswa komnotho nemisebenzi.
",0.5444565
"die swakpunte wat deur die Finansiële Aksietaakspan-proses bepaal is, waaronder maatreëls om geldwassery en terrorisfinansiering te bestry deur die nasionale sekuriteitstrukture te bemagtig om ondersoek in te stel en ŉ sekuriteitsassessering uit te voer as ŉ persoon of instansie van nasionale belang is
","Ikhonfrensi le kulindeleke ukuthi idose abantu abama-800 baye KwaZulu-Natala ne-Gauteng, kanti-ke lokhu kulindeleke nokuthi kuvuse imisebenzi yomnotho.
",0.6446054
"maatreëls te versterk om die private sekruiteitsbedryf te reguleer en te koördineer, as deel van ŉ breër nasionale benadering; en
",".
",0.08997577
"maatreëls in te stel wat die gedrag van voormalige lede van die diens en ander met toegang tot intelligensie-inligting, reguleer.
","Iindaba Zerhwebo .
",0.4493214
"Die Wetsontwerp sal ook verseker dat die SVA se dienste nie vir die belange of agenda van sekere individue, misbruik word nie.
","IKhabinethi ithole umbiko otjengisa ukuthi kube nobungcono ehlelweni lokurhwebelana nelokuthengisela amazwe wangaphandle ipahla.
",0.5649139
".
","Umbiko lo utjengisa ukuthi iSewula Afrika ipahla eyithengisele amazwe wangaphandle ibe ngeyamabhiliyoni ama-R300 ngomnyaka wee-2022; lapha-ke iSewula Afrika ithengisele amazwe ali-12, yanzinzisa imisebenzi elinganiselwa ema-57
",0.060824703
"Die wysigings sal die toesig oor die intelligensie-agentskappe deur liggame soos die inspekteur-generaal van Intelligensie, die Gesamentlike staande komitee vir Intelligensie en die Ouditeur-Generaal van Suid-Afrika, versterk.
","Ukuqatjhwa
",0.43562728
"Die Wetsontwerp is by www.gov.za beskikbaar..
","Koke ukuqatjhwa kulawulwa kufakazeleka kweencwadi zefundo ezikhambisana nomsebenzi umuntu aqatjhelwe wona kunye nokuhlanjululwa kwebizo lomuntu okufaneleko.
",0.5453445
"Konsepwetsontwerp op die Openbare Dienstekommissie (ODK) van.
","UNom.
",0.33592018
"Die Kabinet het die publikasie van die Konsepwetsontwerp op ODK vir openbare kommentaar goedgekeur.
","Bernard Scelo Duma, oqatjhelwe isikhundla sokuba liSekela lomNqophisi Zombelele:
",0.5512785
"Die Wetsontwerp herroep die ODK Wet (Wetnr.
","ImiSebenzi yaboRhulumende beeNdawo neSekelo emNyangweni wezokuBusa ngokuBambisana.
",0.5489516
"46 van 1997) van die Grondwet van die Republiek van Suid-Afrika van.
",".
",0.1444655
".
","Ibhodi Yabanqophisi Bomkhandlu Wethekhnoloji Yezenjiwa
",0.08952007
"Die Wetsontwerp maak voorsiening vir die stigting van ŉ onafhanklike sekretariaat vir die ODK om die organisasie se onafhanklikheid en onpartydigheid te versterk.
","UMm.
",0.15858951
"Die mandaat van die ODK sal, wanneer die Wetsontwerp as wet uitgevaardig word, uitgebrei word na munisipaliteite en staatsentiteite..
","uNtombifuthi Zikalala-Mvelase (obuyiselwe esikhundleni sokuba liSekela likaSihlalo
",0.5484291
"Die wysiging sal aan die ODK ŉ meer gefokusde benadering verskaf om ŉ sinvolle bydrae tot die ontwikkeling van ŉ reagerende, etiese en waarde-aangedrewe staatsdiens, te gee.
","UMm.
",0.1623559
"Die Wetsontwerp is by www.dpsa.gov.za beskikbaar..
","u-Pontsho Maruping (obuyiselwe esikhundleni sakhe)
",0.65330666
"Konsepwysigingswetsontwerp op die Nasionale Kernreguleerder van.
","UNom.
",0.32963127
"Die Kabinet het die Konsepwysigingswetsontwerp op die Nasionale Kernreguleerder vir voorlegging aan die Parlement, goedgekeur.
","Rudolf Heydenrich (obuyiselwe esikhundleni sakhe)
",0.5232784
"Die Wetsontwerp wysig die Wet op die Nasionale Kernreguleerder (NK), 1999 (Wetnr.
","UDorh.
",0.26013675
"47 van 1999).
","Siyabonga Simayi
",0.358751
".
","UDorh.
",0.5144052
"Die Wetsontwerp poog om die bestaande gapings in die huidige NK-wet van 1999 aan te spreek.
","Takalani Madzivhandila
",0.4336476
"Die Wet is tans nie in ooreenstemming met internasionale beste praktyk in die veld van kernveiligheidsregulasies nie, want hy spreek nie beroepsblootstelling van lugbemanning aan kosmiese bestraling aan nie..
","UMm.
",0.13573581
"Die Wetsontwerp is ook ontwerp om die NK-wet van 1999 in ooreenstemming met die Internasionale Atoomenergie-agentskap (IAEA) se voorskrifte en beste praktyke, te bring.
","u-Azwinndini Mavis Thomani
",0.42954084
"Suid-Afrika is ŉ lid van die IAEA
","UNom.
",0.34392422
"Komende gebeurtenisse.
","Livhu Nengovhela; kunye
",0.2923917
"Inhuldiging van die President van die Federale Republiek van Nigerië.
","NoMm.
",0.3464981
"President Ramaphosa sal op Maandag, 29 Mei 2023 ŉ uitnodiging nakom om die inhuldiging van gekose president van die Federale Republiek van Nigerië, Mnr.
","u-Faith Ntokozo Ngcwabe (ojamele umNyango wezeNjiwa nezeemBaseli)
",0.5677284
"Bola Ahmed Tinubu, by te woon.
",".
",0.16547549
"Die President se deelname sal deurlopendheid van die strategiese verhouding tussen Suid-Afrika en Nigerië, demonstreer.
","Ibhodi Yabanqophisi Yomkhandlu WeJiyosayensi
",0.49836314
"Nigerië is Suid-Afrika se grootste handelsvennoot in Wes-Afrika.
","UNom.
",0.28807533
"ŉ Breë reeks Suid-Afrikaanse firmas het in Nigerië belê en Nigeriese maatskappye druk ook hulle stempel op Suid-Afrika af.
","Kelepile Dintwe (uSihlalo)
",0.5007764
"Kinderbeskermingsweek.
","UNom.
",0.5158223
"1
","Xolisa Mvinjelwa (iSekela likaSihlalo)
",0.24089035
"Suid-Afrika sal van 28 Mei tot 4 Junie 2023 kinderbeskermingsweek herdenk, met die tema: “kom ons beskerm kinders tydens KOVID-19 en verder”.
","U-Adv.
",0.33784455
"Die veldtog mobiliseer alle sektore en gemeenskappe vir die ontwikkeling, sorg en beskerming van kinders.
","Ntika Maake
",0.40707183
"2
","UDorh.
",0.41528043
"Die veldtog sal dié jaar op RISIHA, ŉ gemeenskapsgebaseerde voorkomings- en ingrypingsprogram wat poog om kinders vanuit kwesbaarheid na lewenskragtigheid te beweeg, fokus.
","Mayshree Singh
",0.45855346
"Oos-Kaap DOM-toesigbesoek.
","UDorh.
",0.44544518
"1
","Siyanda Mngadi
",0.3287167
"Adjunkpresident, Mnr.
","UDorh.
",0.387966
"Paul Mashatile, sal op 26 en 27 Mei 2023 ŉ DOM-toesigbesoek aan OP Tambodistrik en Buffalo City Metro in die Oos-Kaap, aflê.
","Ntombifuthi Nxumalo
",0.51087123
"2
","UMm.
",0.57662386
"Die besoek is deel van die regering se inisiatief om te verseker dat die ontwikkeling van gemeenskappe op geïntegreerde wyse, soos deur die DOM-benadering onderstut, plaasvind.
","uThobeka Njozela
",0.45863175
"Sesde Parlement van die Pan-Afrika-parlement (PAP).
","UNom.
",0.32528403
"1
","Andries Moatshe
",0.30791953
"Leiers van regoor die kontinent het op Maandag, 15 Mei 2023, in Midrand, Suid-Afrika vir die Sesde Parlement van die PAP byeengekom.
","UDorh.
",0.24023722
"Die sitting sal op 2 Junie 2023 eindig.
","Moloko Matlala
",0.30066305
"2
","UNom.
",0.46606398
"Die PAP poog om algemene uitdagings regoor die kontinent aan te spreek en word deur Afrika-leiers van regoor die kontinent, verteenwoordig.
","Mandla Malindisa
",0.41175038
"Tussenregering-seekundige kommissie (IOC in Engels).
","UDorh.
",0.31307748
"1
","Mmboneni Muofhe; kunye no-
",0.2924151
"Suid-Afrika sal aan die 56de sessie van die uitvoerende raad, wat van 16 tot 30 Junie in Parys, Frankryk gehou sal word, deelneem.
","Nom.
",0.13761693
"2
","Mosa Mabuza [umPhathi oyiHloko (u-CEO)]
",0.24324185
"Die IOC van die VN se Opvoedkundige, Wetenskaplike en Kulturele Organisasie (IOC-UNESCO) is die VN-liggaam wat verantwoordelik is vir die ondersteuning van wêreldwye oseaanwetenskap en -dienste.
","Imithethomlingwa .
",0.4995262
"3
","Umtlamo Womthethomlingwa Wee-2023 Wokutjhugulula UmThetho WePhiko Elizijameleko Eliphenya Ngamapholisa (i-IPID)
",0.19296676
"Suid-Afrika erken die belangrikheid van navorsing en die bestuur van sy oseane en kusomgewings vir volhoubare ontwikkeling.
",".
",0.07180248
"Oseaannavorsing help ook om vroeë waarskuwings oor oseaangebaseerde rampe te verskaf en help regerings om ingeligte besluite te neem.
","IKhabinethi ivumele ukudluliselwa ePalamende komtlamo womThethomlingwa wee-2023 wokutjhugulula umThetho we-IPID.
",0.5496459
"Suid-Afrika bied vername sportkampioenskap aan.
",".
",0.14524412
"1
","UmThethomlingwa lo utjhugulula umThetho we-IPID wee-2011 (umThetho 1 wee-2011), begodu wenza iimphakamiso ezinqophe ukunzinzisa ukusebenza ngokuzijamela kwe-IPID, ngaleyindlela kusebenze “isahlulelo ngo-McBride.”
",0.14354014
"Sportliefhebbers vanaf regoor die wêreld kan ŉ geesdriftige Ubuntu-verwelkoming en wêreldklas gasvryheid verwag wanneer hulle die Netbalwêreldbeker en Kimura Shukokai Internasionale (KSI) Karatewêreldkampioenskap in Suid-Afrika bywoon.
",".
",0.042273413
"Suid-Afrika het bewese prestasies van die verlede aangaande die aanbied van groot geleenthede.
","Amatjhuguluko la atjheja godu nemiraro ephakanyiswe yiKhotho yezomThethosisekelo, yona ethe ililize imibandela ethileko yomThetho we-IPID wee-2011, yona enikele uNgqongqotjhe wezamaPholisa amandla wokujamisa emsebenzini umNqophisi oPhetheko, athathele umNqophisi oPhetheko amagadango wokumkhalima ngemva kokujanyiswa kwakhe, abe amqotjhe emsebenzini umNqophisi oPhetheko lo.
",0.3058219
"2
",".
",0.66544855
"Almal is opgewonde met net meer 60 dae oor voor die begin van die Netbalwêreldbeker op 28 Julie tot 6 Augustus 2023 in Kaapstad.
","UmThethomlingwa lo uphakamisa ikambiso eyenzelwa emkhanyweni ngcono nevulekileko yokuqatjha umNqophisi oPhetheko kunye nekambiso ephelele ngemininingwana neyenzisisa ikambiso yokuhlola ukuthembeka kweemphathimandla ze-IPID.
",0.5608315
"Dit is die eerste keer dat dié toonaangewende toernooi in Afrika aangebied word.
","Ukudlula lapho, umThethomlingwa lo uvula nethuba lokutjhugululwa kweminye imibandela yomThetho oBusako, kobanyana kuzokuqinisekiswa ukuthi i-IPID iwenza kuhle nangepumelelo umsebenzi ethunywe wona.
",0.44749182
"3
","Umtlamo womThethomlingwa ungawuthola kubunzinzolwazi obuthi- www.policesecretariat.gov.za.
",0.1353699
"Die Kabinet doen ŉ beroep op almal om die Netbal Vrydag se veldtog te ondersteun deur ondersteunersuitrustings of nasionale kleure te dra om die Suid-Afrikaanse nasionale netbalspan te ondersteun.
",".
",0.037068248
"4
","Umtlamo Womthethomlingwa Wee-2023 Wokutjhugulula Imithetho Yezobuhloli Obujayelekileko (i-GILAB)
",0.18458037
"KSI Suid-Afrika bied ook van 10 tot 15 Julie 2023 die 20ste KSI Karate wêreldkampioenskap in Kaapstad aan en ons wens Span SA sterkte toe terwyl hulle vir dié toonaangewende wêreldwye geleentheid voorberei.
",".
",0.04302755
"5
","IKhabinethi ivumele ukudluliselwa ePalamende komtlamo we-GILAB yee-.
",0.17047393
"Suid-Afrika is trots daarop om die 2023 tafeltenniskampioenskap se eindronde by die Durban internasionale konvensiesentrum aan te bied.
","I-GILAB iphakamisa ukuthi kwenziwe amatjhuguluko emThethweni wamaHlelo wezobuHloli we-1994 (umThetho 39 we-1994).
",0.57067746
"Ongeveer 600 spelers uit verskillende land rondom die wêreld speel tans en dié toernooi bied ons spelers die geleentheid om hul talent ten toon te stel.
","UmThethomlingwa lo unikela amandla wokusebenza eemphakamisweni zeBandla eliPhakemeko lokuBuyekeza kezobuNgameli ngesiJamiso sezokuVikeleka komBuso (i-SSA) kunye nehlelweni lokuphunyeleliswa kweemphakamiso zeKomitjhini yePhenyo lamaJaji ngeZwangobatjho yokuThunjwa komBuso, ubuKhohlakali nokuKhwabanisa eKorweni yemBusweni, ekubalwa kiyo nesiGungu somBuso.
",0.6010189
"Die toernooi het op 20 Mei 2023 begin en sal tot 28 Mei 2023 duur
",".
",0.08644193
"Boodskappe.
","Hlangana nokhunye, umThethomlingwa lo unqophe
",0.35885656
"GelukwenseDie Kabinet het sy gelukwense en welmenendheid gerig aan: die Minister van Finansies, Mnr.
","ukuhlela ngobutjha imisebenzi yobuhloli kobanyana kuzokghonakaliswa ukuphumelela kokusebenza ngokuvula isijamiso sobuhloli sangekhaya kunye nesijamiso sobuhloli sangaphandle .
",0.5709107
"Enoch Godongwana, wat op 24 Mei 2023 in El Sheikh, Egipte, die invloedryke African Banker 2023 finansiesminister van die jaar-toekenning ontvang het vir sy pogings oor die afgelope jaar om die Suid-Afrikaanse ekonomie deur ŉ gekompliseerde globale en binnelandse omgewing te lei.
","ukwelapha uburhole bokusebenza kwaMandla wamaTshayo wobuHloli njengobanyana kufakazelwa yiKhotho yezomThethosisekelo
",0.59013593
"Die toekenning het die Minister se gebruik van fiskale beleid om beleggings in die hernubare energiesektor te bespoedig, erken.Hana Gammon, ŉ 20-jarige Suid-Afrikaanse skrywer wat die 2023 Statebond-kortverhaalprys, Afrikastreek gewen het en die jongste in die toekenning se geskiedenis geword het.
","ukulungisa ubuthakathaka obutholakele ngehlelo lezeemali i-Financial Action Task Force, eliphethe namagadango wokulwa namacala wemali eyenziwe ngobukirikitjani yase iyahlanjululwa nezenzo zokusekela amaphekula ngeemali ngokuhlomisa iinjamiso zokuphepha kobanyana ziphenye bezihlole nobujamo bokuvikeleka nakube umuntu namkha ihlangano isijamiso esiqalwe mumuntu woke elizweni .
",0.43321115
"die Stormers rugbyspan wat die eindstryd van die verenigde rugbykampioenskap bereik het.
","ukuqinisa amagadango wokulawula nokulungelela ibubulo langeqadi lezokuphepha nokuvikeleka njengengcenye yehlelo lokuphepha nokuvikeleka elipheleleko; kunye .
",0.6505321
"Die Stormers sal op Saterdag, 27 Mei 2023 op Kaapstad se stadion teen die Ierse Munsters kragte meet.
","nokubeka amagadango wokulawula ukuziphatha kwamalunga walokhuya nabanye abakghona ukuthola ilwazi lobuhloli nemininingwana yalo.
",0.60062027
"Mnr.
",".
",0.73522854
"Zakes Mda, die Suid-Afrikaanse romanskrywer en Prof. Tshilidzi Marwala, die voormalige adjunkvisekanselier en hoof van die Universiteit van Johannesburg, wat beide vir die 2023 African Genius-toekennings genomineer is.
","Ukudlula lapho, umThethomlingwa lo uzakuqinisekisa ukuthi umsebenzi owenziwa yi-SSA akudlalwa ngawo namkha usetjenziswe ngendlela engakafaneli yokuphumelelisa iinrhuluphelo neminqopho yabantu abathileko.
",0.5691081
"Meneer Mda en Prof. Marwala is onder 19 ander Afrika-presteerders wat in ŉ verskeidenheid velde presteer het..
",".
",0.08810557
"Medelye Die Kabinet het sy medelye betuig aan die familie en vriende van: Ambassadeur vir die Republiek van Algerië, Mnr.
","Amatjhuguluko la azakuqinisa ukuhlolwa kweenjamiso zobuhloli ziinhlangano ezinjengomHloli Zombelele wezobuHloli, iKomidi eHlanganyelweko yaSafuthi ngezobuHloli kunye nomHloliincwadi Zombelele weSewula Afrika.
",0.5933553
"Billy Masetlha, wat Suid-Afrika in verskeie hoedanighede, waaronder direkteur-generaal van die intelligensiedienste, bedien het.
","UmThethomlingwa lo uyatholakala kubunzinzolwazi obuthi-www.gov.za.
",0.66478086
"Hy was nou betrokke by die stryd vir Suid-Afrika se bevryding, onder meer as lid van Umkhonto we Sizwe.
",".
",0.06325654
"Murthi Naidoo, wat sy lewe gewy het aan die land se bevrydingstryd.
","Umtlamo Womthethomlingwa Wee-2023 Wekomitjhini Yezabasebenzi Bembusweni (I-PSC) .
",0.6100196
"Hy is van November 1965 tot April 1966, sonder aanklagtes deur die veiligheidspolisie gevangene gehou en het ŉ aktiewe rol tydens die spits van die noodtoestand in die 1980’s gespeel.Barry Dwolatzky, wat ŉ pionier in die land se inligting- en kommunikasietegnologiesektor was.
","IKhabinethi ivumele ukumenyezelwa komtlamo womThethomlingwa we-PSC wee-2023 kobanyana umphakahi uphefumule ngawo.
",0.5370467
"Hy was Professor (Emeritus) by die skool vir elektriese en inligtingsingenieurswese, by Wits Universiteit se Fakulteit Ingenieurswese en die Bou-omgewing.Die 15 mense wat hulle lewens as gevolg van cholera-uitbraak in Hammanskraal, Stad van Tshwane, verloor het.Navrae: Meneer.
","UmThethomlingwa lo ubulala umThetho we-PSC we-1997 (umThetho 46 we-1997) womThethosisekelo weRiphabhligi yeSewula Afrika womNyaka we-.
",0.63009274
"Issues in the environment.
","Issues in the environment.
",0.9999998
"Cholera outbreak Management.
","Cholera outbreak Management.
",1.0
"Cabinet welcomed President Cyril Ramaphosa’s planned visit to and interaction with residents of Hammanskraal.
","Cabinet welcomed President Cyril Ramaphosa’s planned visit to and interaction with residents of Hammanskraal.
",0.99999976
"The visit did take place today, Thursday, 08 June, 2023, and this engagement gave the President the opportunity to hear directly from residents about the challenges they face.
","The visit did take place today, Thursday, 08 June, 2023, and this engagement gave the President the opportunity to hear directly from residents about the challenges they face.
",1.0000002
"The President, the Minister of Water and Sanitation and the Executive Mayor of Tshwane were able to assess government interventions in the area and provide relevant feedback to residents.
","The President, the Minister of Water and Sanitation and the Executive Mayor of Tshwane were able to assess government interventions in the area and provide relevant feedback to residents.
",1.0000002
"Government interventions include the field hospital operational in Kanana, Hammanskraal, and multi-disciplinary team of experts to arrest the spread which has successfully treated hundreds of people.
","Government interventions include the field hospital operational in Kanana, Hammanskraal, and multi-disciplinary team of experts to arrest the spread which has successfully treated hundreds of people.
",0.9999999
"Work is also underway to ensure that local councils use their water infrastructure grants effectively.
","Work is also underway to ensure that local councils use their water infrastructure grants effectively.
",1.0
"For the current financial year, over R14 billion has been set aside for municipalities to address water infrastructure backlogs.
","For the current financial year, over R14 billion has been set aside for municipalities to address water infrastructure backlogs.
",1.0000005
"Cabinet welcomes the cooperation between the City of Tshwane and Department of Water and Sanitation on the planned upgrade of the Rooiwal Water Treatment plant, which will be undertaken over three phases at cost of R4 billion..
","Cabinet welcomes the cooperation between the City of Tshwane and Department of Water and Sanitation on the planned upgrade of the Rooiwal Water Treatment plant, which will be undertaken over three phases at cost of R4 billion..
",1.0
"Cabinet calls on the affected communities to remain vigilant and to take special care of children.
","Cabinet calls on the affected communities to remain vigilant and to take special care of children.
",1.0000001
"Cholera can be prevented by using safe water.
","Cholera can be prevented by using safe water.
",1.0000004
"Treat the water first by boiling it for at least 1 minute and always wash your hands with clean water
","Treat the water first by boiling it for at least 1 minute and always wash your hands with clean water
",1.0000001
"and
","and
",1.0
"soap.
","soap.
",1.0000001
"For
","For
",0.9999997
"more
","more
",1.0
"information
","information
",0.99999976
"on
","on
",1.0000002
"prevention
","prevention
",0.9999999
"tips
","tips
",0.9999999
"visitwww.gov.za/cholera.
","visitwww.gov.za/cholera.
",0.99999976
"Government thanks those volunteer organisations and individuals who have stepped forward to lend hand.
","Government thanks those volunteer organisations and individuals who have stepped forward to lend hand.
",1.0
"Water Quality Report.
","Water Quality Report.
",1.0
"Cabinet welcomed the reintroduction of the Blue, Green and No Drop Watch which were last conducted in 2013 and 2015 respectively.
","Cabinet welcomed the reintroduction of the Blue, Green and No Drop Watch which were last conducted in 2013 and 2015 respectively.
",1.0000001
"The Green, Blue and No Drop Certification programmes are regulatory mechanisms of the Department of Water and Sanitation (DWS) as the water sector regulator in terms of both the National Water Act and Water Services Act, DWS.
","The Green, Blue and No Drop Certification programmes are regulatory mechanisms of the Department of Water and Sanitation (DWS) as the water sector regulator in terms of both the National Water Act and Water Services Act, DWS.
",1.0
"The aim of this uniquely South African regulatory tool is to improve municipal drinking water quality, wastewater management as well as water conservation and demand management.
","The aim of this uniquely South African regulatory tool is to improve municipal drinking water quality, wastewater management as well as water conservation and demand management.
",1.0000002
"Cabinet deliberated on the results and implications of the 2023, Blue, Green and No Drop Watch reports, which were made public on Tuesday, 6 June.
","Cabinet deliberated on the results and implications of the 2023, Blue, Green and No Drop Watch reports, which were made public on Tuesday, 6 June.
",1.0
"The Watch Reports indicate that there has been decline in drinking water quality and an increase in non-revenue water since the last Drop reports were issued.
","The Watch Reports indicate that there has been decline in drinking water quality and an increase in non-revenue water since the last Drop reports were issued.
",1.0
"Cabinet welcomes measures to be taken by the Department of Water and Sanitation to address the current state of affairs in relation to water and waste water management.
","Cabinet welcomes measures to be taken by the Department of Water and Sanitation to address the current state of affairs in relation to water and waste water management.
",1.0
"The Minister of Water and Sanitation will in the following weeks announce these measures per Province.
","The Minister of Water and Sanitation will in the following weeks announce these measures per Province.
",0.9999998
"Energy.
","Energy.
",1.0
"Cabinet welcomed the recent deliberations between the Minister of Electricity, Dr Kgosientsho Ramokgopa and the Mozambican Minister for Mineral Resources and Energy, Carlos Zacarias, to secure additional power from Mozambique to support our national grid.
","Cabinet welcomed the recent deliberations between the Minister of Electricity, Dr Kgosientsho Ramokgopa and the Mozambican Minister for Mineral Resources and Energy, Carlos Zacarias, to secure additional power from Mozambique to support our national grid.
",0.9999999
"In the immediate term, Mozambique can provide 80MW and further 1000MW over the medium term.
","In the immediate term, Mozambique can provide 80MW and further 1000MW over the medium term.
",1.0
"Cabinet continues to urge South Africans to support the Winter Demand Management campaign launched by the Minister of Electricity, to save electricity to reduce strain on the national grid and help lower load shedding stages this winter.
","Cabinet continues to urge South Africans to support the Winter Demand Management campaign launched by the Minister of Electricity, to save electricity to reduce strain on the national grid and help lower load shedding stages this winter.
",0.99999976
"Cabinet received report by the Minister of Electricity which detailed recent gains in the management of power stations and other operations which, for example, overcame the need for Eskom to burn diesel this past weekend and avoid load shedding.
","Cabinet received report by the Minister of Electricity which detailed recent gains in the management of power stations and other operations which, for example, overcame the need for Eskom to burn diesel this past weekend and avoid load shedding.
",1.0
"The Minister of Electricity will brief media at 14h00 tomorrow, Friday, on these and other developments.
","The Minister of Electricity will brief media at 14h00 tomorrow, Friday, on these and other developments.
",1.0
"Operation Vulindlela.
","Operation Vulindlela.
",1.0000001
"Cabinet welcomed the progress under the operation Vulindlela as detailed by the Minister in the Presidency, Khumbudzo Ntshavheni, with regard to the implementation of structural reforms in the areas of energy supply, logistics network and infrastructure, digital communications and the visa regime.
","Cabinet welcomed the progress under the operation Vulindlela as detailed by the Minister in the Presidency, Khumbudzo Ntshavheni, with regard to the implementation of structural reforms in the areas of energy supply, logistics network and infrastructure, digital communications and the visa regime.
",0.9999998
"The number of completed reforms has risen from three to 11, while further 14 reforms are on track.
","The number of completed reforms has risen from three to 11, while further 14 reforms are on track.
",0.99999976
"The primary focus is on addressing the electricity crisis and improving the efficiency of freight rail, both of which are weighing heavily on economic growth.
","The primary focus is on addressing the electricity crisis and improving the efficiency of freight rail, both of which are weighing heavily on economic growth.
",1.0
"President’s Coordinating Council.
","President’s Coordinating Council.
",1.0
"Cabinet supported President Cyril Ramaphosa’s call during the meeting of the President’s Coordinating Council on 2 June 2023 to accelerate service delivery in response to the needs of communities..
","Cabinet supported President Cyril Ramaphosa’s call during the meeting of the President’s Coordinating Council on 2 June 2023 to accelerate service delivery in response to the needs of communities..
",1.0
"The President directed the Council to
","The President directed the Council to
",0.99999994
"accelerate service delivery improvement and address challenges in relation to legislation, governance and capacity constraints.
","accelerate service delivery improvement and address challenges in relation to legislation, governance and capacity constraints.
",0.99999994
"The meeting also considered reforms to the Water Act and Water Services Act to provide for better service delivery of water.
","The meeting also considered reforms to the Water Act and Water Services Act to provide for better service delivery of water.
",1.0
"Similarly, the Council was briefed on interventions by the Department of Transport for emergency work and routine maintenance, as well as primary road transfers from provincial authorities to the national road network for better management of provincial roads by the South African National Roads Agency Limited..
","Similarly, the Council was briefed on interventions by the Department of Transport for emergency work and routine maintenance, as well as primary road transfers from provincial authorities to the national road network for better management of provincial roads by the South African National Roads Agency Limited..
",1.0
"Batyi Automotive Component Supply Facility.
","Batyi Automotive Component Supply Facility.
",0.99999994
"Cabinet welcomed the opening of the Batyi Automotive Component Supply (BACS) Facility in Pretoria which cements the country’s position as global player in the automotive sector.
","Cabinet welcomed the opening of the Batyi Automotive Component Supply (BACS) Facility in Pretoria which cements the country’s position as global player in the automotive sector.
",0.99999994
"BACS is product of an incubation centre by Ford Motor Company and Motherson supplier of spray painting and components.
","BACS is product of an incubation centre by Ford Motor Company and Motherson supplier of spray painting and components.
",1.0
"The centre supports black suppliers to be independent and globally competitive after graduating from the Automotive Industry Development Centre (AIDC’s) Incubation Programme.
","The centre supports black suppliers to be independent and globally competitive after graduating from the Automotive Industry Development Centre (AIDC’s) Incubation Programme.
",1.0000002
"The BACS facility currently employs 60 people, with 30 working the day shift, and 30 the night shift.
","The BACS facility currently employs 60 people, with 30 working the day shift, and 30 the night shift.
",1.0000002
"Moreover, it is looking at bringing in young trainees to further develop their skill sets.
","Moreover, it is looking at bringing in young trainees to further develop their skill sets.
",0.99999976
"Lufhereng Social Housing Project.
","Lufhereng Social Housing Project.
",1.0
"Cabinet welcomed the Department of Human Settlements’ launch of the Lufhereng Social Housing Project in Soweto, which consists of 407 units of rental stock for targeted beneficiaries.
","Cabinet welcomed the Department of Human Settlements’ launch of the Lufhereng Social Housing Project in Soweto, which consists of 407 units of rental stock for targeted beneficiaries.
",1.0
"Government’s social housing programme integrates
","Government’s social housing programme integrates
",1.0000004
"mixed-income groups, curbs the housing backlog and brings backyard and informal settlement dwellers closer to economic opportunities.
","mixed-income groups, curbs the housing backlog and brings backyard and informal settlement dwellers closer to economic opportunities.
",1.0000001
"Road Infrastructure.
","Road Infrastructure.
",0.9999999
"The opening of the R56 million road project in Estcourt, KwaZulu- Natal, is part of government’s efforts to improve logistic connectivity in rural towns.
","The opening of the R56 million road project in Estcourt, KwaZulu- Natal, is part of government’s efforts to improve logistic connectivity in rural towns.
",0.99999976
"Work done on the road project included the upgrading of the D1252 from gravel to tar roads.
","Work done on the road project included the upgrading of the D1252 from gravel to tar roads.
",1.0
"The road links to the N3, which connects eThekwini and Johannesburg, opening opportunities for local unemployed youth and emerging contractors.
","The road links to the N3, which connects eThekwini and Johannesburg, opening opportunities for local unemployed youth and emerging contractors.
",1.0
"With more than 60 per cent of goods transported through the N3 corridor, the road upgrade will further facilitate the efficient movement of goods and services to the rest of South Africa and Sub-Saharan Africa..
","With more than 60 per cent of goods transported through the N3 corridor, the road upgrade will further facilitate the efficient movement of goods and services to the rest of South Africa and Sub-Saharan Africa..
",0.9999998
"Social Partnership.
","Social Partnership.
",0.9999998
"Cabinet welcomed the partnership with mining company Impala Platinum in Rustenburg on the building of clinic and early childhood development centre as part of its Social and Labour Plan.
","Cabinet welcomed the partnership with mining company Impala Platinum in Rustenburg on the building of clinic and early childhood development centre as part of its Social and Labour Plan.
",0.9999999
"The Freedom Park Clinic and an Early Childhood Development Centre were handed over to the Departments of Health and Basic Education in the North West Province.
","The Freedom Park Clinic and an Early Childhood Development Centre were handed over to the Departments of Health and Basic Education in the North West Province.
",1.0000002
"Partnership between government and organised business.
","Partnership between government and organised business.
",1.0
"Cabinet welcomed the partnership initiative between Government and organised business to actively work towards removing obstacles to inclusive economic growth and job creation.
","Cabinet welcomed the partnership initiative between Government and organised business to actively work towards removing obstacles to inclusive economic growth and job creation.
",1.0
"The current priority areas are in energy, logistics and crime and corruption fighting, with further work being done in pursuit of the jobs agenda.
","The current priority areas are in energy, logistics and crime and corruption fighting, with further work being done in pursuit of the jobs agenda.
",1.0
"Safety and security.
","Safety and security.
",0.99999976
"To monitor and protect communities affected by crime, the SA Police Service has set aside nearly R2 billion to procure drones and vehicles to enhance visibility.
","To monitor and protect communities affected by crime, the SA Police Service has set aside nearly R2 billion to procure drones and vehicles to enhance visibility.
",0.9999998
"R65 million has also been allocated to the top 30 crime-intensive stations to address murder and other contact offences.
","R65 million has also been allocated to the top 30 crime-intensive stations to address murder and other contact offences.
",0.99999994
"In addition, Tactical Response Teams are being deployed at stations and districts in areas with high crime rates.
","In addition, Tactical Response Teams are being deployed at stations and districts in areas with high crime rates.
",0.99999976
"The South African Police Service is also enhancing specialised tracking teams, who will be trained further at provincial and district level to effectively track and apprehend offenders.
","The South African Police Service is also enhancing specialised tracking teams, who will be trained further at provincial and district level to effectively track and apprehend offenders.
",1.0000001
"Independent Panel of Inquiry.
","Independent Panel of Inquiry.
",0.9999999
"Cabinet welcomed the appointment by President Cyril Ramaphosa of three-member independent panel to enquire into the circumstances of the docking of the Russian vessel known as Lady .
","Cabinet welcomed the appointment by President Cyril Ramaphosa of three-member independent panel to enquire into the circumstances of the docking of the Russian vessel known as Lady .
",0.99999994
"The panel chaired by former Deputy Judge President of the South Gauteng High Court Justice Phineas Mojapelo has been given six weeks to evaluate whether constitutional, legal or other obligations were fulfilled or violated when the vessel docked in Simon’s Town, Cape Town, and will report their findings to the President..
","The panel chaired by former Deputy Judge President of the South Gauteng High Court Justice Phineas Mojapelo has been given six weeks to evaluate whether constitutional, legal or other obligations were fulfilled or violated when the vessel docked in Simon’s Town, Cape Town, and will report their findings to the President..
",1.0
"Envoys to G7 countries.
","Envoys to G7 countries.
",1.0000002
"Cabinet welcomed President Cyril Ramaphosa’s decision to send ministerial envoys to meet Group of Seven (G7) countries to explain the country’s non-aligned stance on the Russia-Ukraine war.
","Cabinet welcomed President Cyril Ramaphosa’s decision to send ministerial envoys to meet Group of Seven (G7) countries to explain the country’s non-aligned stance on the Russia-Ukraine war.
",1.0
"The envoys will include International Relations & Cooperation Minister Naledi Pandor, Trade, Industry & Competition Minister Ebrahim Patel, Finance Minister Enoch Godongwana and Minister in the Presidency Khumbudzo Ntshavheni.
","The envoys will include International Relations & Cooperation Minister Naledi Pandor, Trade, Industry & Competition Minister Ebrahim Patel, Finance Minister Enoch Godongwana and Minister in the Presidency Khumbudzo Ntshavheni.
",1.0000001
"BRICS Summit Preparations.
","BRICS Summit Preparations.
",0.99999994
"In preparation for the upcoming BRICS Summit from 22 to 24 August 2023, South Africa successfully hosted the BRICS Foreign Ministers Meeting on 1 June 2023 in Cape Town.
","In preparation for the upcoming BRICS Summit from 22 to 24 August 2023, South Africa successfully hosted the BRICS Foreign Ministers Meeting on 1 June 2023 in Cape Town.
",0.99999976
"Cabinet noted the gazetting of notice for the Diplomatic Immunity and Privileges Act, which is standard practice for international summits held in South Africa.
","Cabinet noted the gazetting of notice for the Diplomatic Immunity and Privileges Act, which is standard practice for international summits held in South Africa.
",1.0
"The immunities are for the conference and not for specific individuals.
","The immunities are for the conference and not for specific individuals.
",0.9999999
"This is standard conferment of immunities that we do for all international conferences and summits held in South Africa irrespective of the level of participation.
","This is standard conferment of immunities that we do for all international conferences and summits held in South Africa irrespective of the level of participation.
",1.0000002
"They are meant to protect the conference and its attendees from the jurisdiction of the host country for the duration of the conference
","They are meant to protect the conference and its attendees from the jurisdiction of the host country for the duration of the conference
",1.0000001
"Cabinet decisions.
","Cabinet decisions.
",1.0
"Bi-Annual Performance Progress Reports.
","Bi-Annual Performance Progress Reports.
",1.0000002
"Cabinet approved bi-annual performance progress reports for the period October 2022 to March 2023 that form part of the Medium-Term Strategic Framework (MTSF) 2019-..
","Cabinet approved bi-annual performance progress reports for the period October 2022 to March 2023 that form part of the Medium-Term Strategic Framework (MTSF) 2019-..
",0.9999999
"The Department of Planning, Monitoring and Development will, in the course of the coming week or two brief the nation on the detail of these progress reports..
","The Department of Planning, Monitoring and Development will, in the course of the coming week or two brief the nation on the detail of these progress reports..
",0.9999999
"The period under review coincided with disruptive load-shedding which has slowed down economic activity and affected service delivery in the country.
","The period under review coincided with disruptive load-shedding which has slowed down economic activity and affected service delivery in the country.
",1.0
"However, Cabinet is pleased with the progress that has been made in implementing the key expected deliverables.
","However, Cabinet is pleased with the progress that has been made in implementing the key expected deliverables.
",1.0
"Cabinet also noted the envisaged recovery programmes that have been outlined by respective clusters.
","Cabinet also noted the envisaged recovery programmes that have been outlined by respective clusters.
",1.0
"In October 2019, Cabinet approved the MTSF, as government’s five- year programme for the implementation of the NDP 2030 and of the electoral mandate of the Sixth Administration.
","In October 2019, Cabinet approved the MTSF, as government’s five- year programme for the implementation of the NDP 2030 and of the electoral mandate of the Sixth Administration.
",1.0
"Cluster departmental reports focus on the seven priorities adopted by government for the sixth administration namely: Priority 1: Building capable, ethical and developmental state; Priority 2: Economic transformation and job creation; Priority 3: Education, skills and health; Priority 4: Consolidating the social wage through reliable and quality basic services; Priority 5: Spatial integration, human settlements and local government; Priority 6: Social cohesion and safe communities and; Priority 7 Better Africa and World.
","Cluster departmental reports focus on the seven priorities adopted by government for the sixth administration namely: Priority 1: Building capable, ethical and developmental state; Priority 2: Economic transformation and job creation; Priority 3: Education, skills and health; Priority 4: Consolidating the social wage through reliable and quality basic services; Priority 5: Spatial integration, human settlements and local government; Priority 6: Social cohesion and safe communities and; Priority 7 Better Africa and World.
",0.9999999
"One of the areas of progress is that of social protection which is critical for income security and protecting the vulnerable South Africans.
","One of the areas of progress is that of social protection which is critical for income security and protecting the vulnerable South Africans.
",0.9999999
"In this regard and to give effect to Priority 4, the 2023 budget for social wage increased to R1 165 billion and this has improved the living conditions of more than 18 million poor South Africans.
","In this regard and to give effect to Priority 4, the 2023 budget for social wage increased to R1 165 billion and this has improved the living conditions of more than 18 million poor South Africans.
",0.9999999
"In keeping with the commitment to address the impact of COVID, more than 27 344 grants were paid to qualifying South Africans by March..
","In keeping with the commitment to address the impact of COVID, more than 27 344 grants were paid to qualifying South Africans by March..
",1.0
"In the period under review, law enforcement has intensified the fight against organised crime.
","In the period under review, law enforcement has intensified the fight against organised crime.
",0.9999999
"There was an 86,7 per cent increase in the conviction rate of persons arrested for cable theft; this is significant considering the electricity challenges the country is experiencing.
","There was an 86,7 per cent increase in the conviction rate of persons arrested for cable theft; this is significant considering the electricity challenges the country is experiencing.
",1.0
"Scrap Metal Ban.
","Scrap Metal Ban.
",1.0000001
"Cabinet considered report on progress with measures to reduce theft of scrap metal and copper cable.
","Cabinet considered report on progress with measures to reduce theft of scrap metal and copper cable.
",1.0000001
"Regulations were published for public comment
","Regulations were published for public comment
",1.0000001
"statement will be issued as soon as the matter has been considered..
","statement will be issued as soon as the matter has been considered..
",1.0
"Cabinet reiterated its determination to ensure that all actions are taken to address this problem that causes damage of billions of rand to the economy and results in energy outages and service interruptions
","Cabinet reiterated its determination to ensure that all actions are taken to address this problem that causes damage of billions of rand to the economy and results in energy outages and service interruptions
",0.99999976
"Appointment.
","Appointment.
",0.99999976
"Hosi Pheni Cyprain Ngove as Chairperson of the Housing Development Agency
","Hosi Pheni Cyprain Ngove as Chairperson of the Housing Development Agency
",1.0000002
"Bill.
","Bill.
",1.0000001
"Draft National Small Enterprise Amendment Bill.
","Draft National Small Enterprise Amendment Bill.
",1.0
"Cabinet approved the introduction of the draft National Small Enterprise Amendment Bill to Parliament.
","Cabinet approved the introduction of the draft National Small Enterprise Amendment Bill to Parliament.
",0.99999994
"The draft Bill aims to amend the National Small Enterprise Act (Act 102 of 1996) and provides for the establishment and registration of the Office of Small Enterprise Ombud Service.
","The draft Bill aims to amend the National Small Enterprise Act (Act 102 of 1996) and provides for the establishment and registration of the Office of Small Enterprise Ombud Service.
",1.0000001
"It broadens fair processes for small enterprises through the Ombud Service, which will be tasked with considering and disposing of complaints by small enterprises.
","It broadens fair processes for small enterprises through the Ombud Service, which will be tasked with considering and disposing of complaints by small enterprises.
",0.99999994
"Implementation of the amendments will realise greater stability to the sector and advance economic opportunity through the creation of job opportunities by small, medium and micro enterprises.
","Implementation of the amendments will realise greater stability to the sector and advance economic opportunity through the creation of job opportunities by small, medium and micro enterprises.
",1.0
"In addition to the setting up of the Office; the amendments also include the appointment of Ombud and Deputy Ombud; allocation of powers and functions of Ombud; receipt of complaints, prescription, jurisdiction and investigation; determinations by Ombud; staff of office; delegation by Ombud, Deputy Ombud and Director
","In addition to the setting up of the Office; the amendments also include the appointment of Ombud and Deputy Ombud; allocation of powers and functions of Ombud; receipt of complaints, prescription, jurisdiction and investigation; determinations by Ombud; staff of office; delegation by Ombud, Deputy Ombud and Director
",1.0
"Upcoming events.
","Upcoming events.
",0.9999999
"Youth Day.
","Youth Day.
",0.99999994
"Cabinet calls on the nation, and especially the youth, to attend this year’s Youth Day commemoration, which will be held over two days,16 to17 June 2023 at the Mangaung Outdoor Sport
","Cabinet calls on the nation, and especially the youth, to attend this year’s Youth Day commemoration, which will be held over two days,16 to17 June 2023 at the Mangaung Outdoor Sport
",1.0
"Centre, Mangaung, Bloemfontein, in the Free State.
","Centre, Mangaung, Bloemfontein, in the Free State.
",1.0000001
"During these two days, young people will have an opportunity to engage Ministers, Deputy Ministers and other stakeholders on how best they can assist in addressing the country’s development challenges.
","During these two days, young people will have an opportunity to engage Ministers, Deputy Ministers and other stakeholders on how best they can assist in addressing the country’s development challenges.
",0.99999994
"National days such as Youth Day are days in which South Africans from all backgrounds, beliefs and political persuasions are invited to participate as part of building an inclusive, non-racial South Africa..
","National days such as Youth Day are days in which South Africans from all backgrounds, beliefs and political persuasions are invited to participate as part of building an inclusive, non-racial South Africa..
",1.0
"District Development Model (DDM) Presidential Imbizo.
","District Development Model (DDM) Presidential Imbizo.
",0.99999994
"Preparations are under way for the seventh DDM Presidential Imbizo on 30 June 2023 in the uThukela District Municipality, Kwa Zulu Natal, where government will interact with residents on service delivery challenges, as well plans for development series of build-up outreach activities led by Ministers, MECs and Mayors is already underway to assess service delivery and engage with communities.
","Preparations are under way for the seventh DDM Presidential Imbizo on 30 June 2023 in the uThukela District Municipality, Kwa Zulu Natal, where government will interact with residents on service delivery challenges, as well plans for development series of build-up outreach activities led by Ministers, MECs and Mayors is already underway to assess service delivery and engage with communities.
",1.0000002
"2023 Netball World Cup tournament.
","2023 Netball World Cup tournament.
",0.99999994
"Cabinet urges South Africans to get into the spirit of the 2023 Netball World Cup tournament which will be staged at the Cape Town International Convention Centre from Friday, 28 July, to Sunday, 6 August,..
","Cabinet urges South Africans to get into the spirit of the 2023 Netball World Cup tournament which will be staged at the Cape Town International Convention Centre from Friday, 28 July, to Sunday, 6 August,..
",1.0
"The Vitality Netball World Cup 2023 will be the 16th presentation of this tournament in which 16 participation nations will participate, including our own Proteas.
","The Vitality Netball World Cup 2023 will be the 16th presentation of this tournament in which 16 participation nations will participate, including our own Proteas.
",1.0000001
"Supporters are urged to fly the flag and the Protea colours on Fridays each week and communities in Cape Town and elsewhere are urged to prepare to host international players and guests who are likely to visit all parts of the country.
","Supporters are urged to fly the flag and the Protea colours on Fridays each week and communities in Cape Town and elsewhere are urged to prepare to host international players and guests who are likely to visit all parts of the country.
",1.0000002
"The Netball World Cup will build on the success of the International Table Tennis Federation’s World Table Tennis Championship in Durban less than month ago, and the International Hockey Federation’s Indoor World Cup held in Pretoria in February.
","The Netball World Cup will build on the success of the International Table Tennis Federation’s World Table Tennis Championship in Durban less than month ago, and the International Hockey Federation’s Indoor World Cup held in Pretoria in February.
",0.99999976
"South Africa works diligently and innovatively to attract such global events which place spotlight on the country and create economic opportunities and support jobs in range of sectors
","South Africa works diligently and innovatively to attract such global events which place spotlight on the country and create economic opportunities and support jobs in range of sectors
",1.0000004
"Messages.
","Messages.
",1.0000001
"CongratulationsCabinet extended its congratulations and well wishes to:The President of the Republic of Türkiye, His Excellency Recep Tayyip Erdoğan, on his re- election.Madam Justice Mahube Betty Molemela following her appointment as President of the Supreme Court of Appeal.Musa Motha for flying the flag high and reaching the finals of Britain’s Got Talent.
","CongratulationsCabinet extended its congratulations and well wishes to:The President of the Republic of Türkiye, His Excellency Recep Tayyip Erdoğan, on his re- election.Madam Justice Mahube Betty Molemela following her appointment as President of the Supreme Court of Appeal.Musa Motha for flying the flag high and reaching the finals of Britain’s Got Talent.
",1.0
"His inspirational dance performance received the first ever- combined Golden Buzzer from the judges.The Mzansi Youth Choir who made history during their performance on America's Got Talent by receiving the first-ever group golden buzzer.
","His inspirational dance performance received the first ever- combined Golden Buzzer from the judges.The Mzansi Youth Choir who made history during their performance on America's Got Talent by receiving the first-ever group golden buzzer.
",1.0
"The group golden buzzer automatically advances the choir to the semi-finals taking place in August.
","The group golden buzzer automatically advances the choir to the semi-finals taking place in August.
",1.0
"Professor Taole Mokoena following his appointment as the new health ombudsman..
","Professor Taole Mokoena following his appointment as the new health ombudsman..
",0.99999994
