xh,en,src_text,trg_text,Cosine_Score
"[ 1.0701331  -0.15189397  0.06770219 ...  1.0841056   1.2601488
  1.0338534 ]",[0.01012681 0.00148941 0.00329955 ... 0.01225168 0.00839028 0.01552923],"IKhabhinethi ibibambe intlanganiso ngoLwesithathu, umhla wama-24 kweyeKhala ngowama-2019 eTuynhuys, eKap","Cabinet met on Wednesday, 24 July 2019 at Tuynhuys in Cape Tow Issues in the environment",0.8504788
"[ 0.9350657  -0.00781715 -0.11431357 ...  0.2783163   0.45753944
  0.90221626]","[ 0.0371142  -0.00074501 -0.00080939 ... -0.00445885  0.01018453
  0.00774708]",Imiba engundaba-mlonyeni1.,Bills 1.,0.7432748
"[ 0.60811603 -0.06747935  0.16335    ...  0.80036557  1.4069366
  0.74481535]","[6.3654096e-03 4.0318272e-03 2.8222032e-05 ... 1.5257919e-02 2.2340208e-02
 7.0105954e-03]",Iinguqu zezoqoqosho nokudalwa kwemisebenziIKhabhinethi iyavuyiswa ngabatyali-zimali asele bekhona kweli nabo basezayo abathe bakhetha uMzantsi Afrika njengelizwe abangathanda ukutyala imali kul Izivumelwano ezisanda kutyikitywa nesele kukho ithemba lokuba ziza kutyikitywa ziyakugqina ok Ezi zivumelwano ziquka esityikitywe kwicandelo lezemoto (yinkampani yakwa-Ford) elikwicandelo lamachiza (yinkampani yakwa-BFG Rail) kunye nakwicandelo lezixhobo zombane zamashishini amakhulu (yinkampani yakwa-Aberdare) kwakunye notyalo-mali olulindelekileyo kwicandelo lokucolwa nokulungiswa kweemveliso zolimo (yinkampani yakwa-PepsiCo).,"Economic transformation and job creationCabinet welcomes the increased interest by prospective and current investors to consider South Africa as their preferred investment destinatio Recent actual and possible transactions illustrate this well, and include transactions in the auto sector (Ford), chemical",0.84709513
"[ 1.2133366   0.12449331 -0.12866177 ...  0.62365925  0.9653478
  0.7493132 ]","[ 0.03334232 -0.00063365 -0.00052566 ...  0.04967365  0.04813803
  0.01813241]",Olu luka-PepsiCo lona utyalo-mali lusaza kugwadlwa ngabanini-zabelo kujongwe nobunye ubucukubhede obunxulumene nemithetho yel,"Clegg, who used his music to promote a non-racial societ He will be remembered for his commitment to nation-building, social cohesion and non-racialis He was a recipient of the National Order of Ikhamanga in Silver, for his excellent contribution in the field of music and bridging African traditional music with other forms of music CongratulationsCabinet congratulates:",0.7527939
"[ 0.7489006  -0.06132738  0.4152973  ...  0.49994236  1.7482691
  1.0517144 ]","[ 0.00562006 -0.00054111  0.01231323 ...  0.01857418  0.03161634
  0.03389562]",Imali ezibhiliyoni ezingama-25 zeerandi esele ebekwe ngu-PepsiCo yokuthenga inkampani yakwa-Pioneer Foods ibonakalisa ukuba uqoqosho loMzantsi Afrika luyathenjwa ngoongxowankul,(Aberdare) as well as potential investments such as in agro-processing (PepsiCo) this latter one subject to shareholder and regulatory processe PepsiCo s R25 billion offer to acquire Pioneer Foods has been hailed as a clear vote of confidence in the South African econom,0.7711357
"[ 0.8632286  -0.00918981  0.5752907  ...  0.8028869   1.1109029
  1.781522  ]","[ 0.0479624  -0.00185979  0.01781973 ...  0.00943571  0.04648441
  0.06003884]","Inkampani eyenza iimoto, u-Ford, yazise ukuba iza kwanda into leyo eza kudala imisebenzi engama-1 200 xa ithe yasizelisekisa isithembiso sayo sokutyala imali ezibhiliyoni ezintathu zeerand Umzi-mveliso wale nkampani oseSilverton ufakele ubuxhaka-xhaka obuza kuyinceda ukuba ikwazi ukwenza iimoto eziluhlobo lwe-Ranger neziluhlobo lwe-Everest ezingama-168 000 ngonyaka - eli nani linyuke ngeemoto ezingama-44 000 kwezo ibizenza phambi kokuba kugalelwe le mal","The automaker Ford announced that its expansion plans will create 1200 jobs, based on implementing a R3 billion investment commitmen The company s Silverton plant has installed capacity to produce up to 168 000 Rangers and Everests annually",0.86474085
"[ 0.6914341  -0.20423827 -0.07823591 ...  1.3136007   0.63153726
  0.79881865]","[ 2.1266125e-02  1.9077419e-03 -1.8057275e-06 ...  3.5096388e-02
  1.9434698e-02  1.3695746e-02]","Ukongeza, imali ezizigidi ezingama-50 zeerandi eza kutyalwa ngu-BFG Rail kwiziko eliseGauteng elingumzi-mveliso wale mihla iza kwenza eli ziko libe ngumzi-mveliso okwizinga lehlabathi weentlobo ezahlukeneyo zemveliso oneenkqubo zobunjineli ezikumgangatho ophakame kakhulu ezisebenzisa ubuchwepheshe obunobuxhaka-xhaka obuphezul","Furthermore, the R50 million investment by manufacturing company BFG Rail into an advanced manufacturing facility in Gauteng will result in a state of the art composite manufacturing facility which boasts improved engineering processes using advanced technologies",0.8524677
"[ 1.2677759  -0.13821197  0.19034274 ...  0.34118667  0.7414106
  1.3703715 ]","[ 2.9275505e-02 -1.2432900e-03  3.0662643e-05 ...  1.6695578e-02
  1.1337225e-02  4.5877166e-02]","ENelson Mandela Bay, inkampani yakwa-Aberdare Cables ibhengeze ukuba iza kongeza amacandelo ngokuvula i-High-Voltage Power Cable Plant, eza kubiza imali ezizigidi ezili-135 zeerandi idale nemisebenzi engama-58 ukongeza kule ingama-439 sele ikhona kulo mzi-mvelis","In Nelson Mandela Bay, Abedare Cables announced an expansion of its capacity through opening a High-Voltage Power Cable Plant, with an investment of R135 million and create 58 jobs in addition to the 429 jobs at the company s current operations in the are",0.86650753
"[ 0.56697416 -0.03222024 -0.08735404 ...  0.96405375  1.0405796
  1.5937417 ]",[0.00441934 0.00320762 0.00951395 ... 0.02216563 0.03199112 0.03381447],"Ukuvulwa kwemizi-mveliso emitsha, ukuthengwa kwezixhobo nobuxhaka-xhaka bokusebenza obutsha kunye nokunyuswa komthamo wemveliso kudala imisebenzi kuze kube nale negalelo kwimveliso yelizwe yonyaka (i-GDP).","Investments in new plant, equipment and in expanded production creates new jobs and grow the GD The sectors where new production will take place are all within the sectors identified by President Ramaphosa in the State of the Nation Addres",0.7720239
[0.7505318  0.6319907  0.02873431 ... 0.7836664  1.37844    0.6987679 ],"[ 2.6412701e-02  4.3298476e-03 -6.6852386e-05 ...  4.0856220e-02
  5.2847195e-02  3.8534049e-02]",La macandelo kuza kuvulwa kuwo imizi-mveliso emitsha ngala macandelo kanye uMongameli Ramaphosa ebethethe ngawo kwiNtetho enguBume beSizwe (i-SoNA).,"Presidential Health Compact President Ramaphosa will officiate at the signing ceremony of the Presidential Health Compact at Dr George Mukhari Academic Hospital in Ga-Rankuwa, City of Tshwane, on Thursday, 25 July 2019.",0.6833216
"[ 0.6336443  -0.1877973   0.22170919 ...  1.3811579   1.5398748
  1.1700702 ]",[0.03299084 0.00175514 0.00172102 ... 0.01008605 0.04538511 0.03228724],"UMzantsi Afrika ulilizwe elineziseko zoqoqosho ezikumgangatho wehlabathi, uqoqosho oluhlumayo olunamathuba amahle otyalo-mal UMzantsi Afrika usebenzisana kakuhle namazwe angabamelwane futhi ukwalizibuko lokungena kwi-Afrika yona enamazwe anoqoqosho olukhula ngesantya esiphezul UMzantsi Afrika ukwalilizwe apho amacandelo amatsha anamathuba amahle otyalo-mali afana neloqoqosho olungeyongozi kokusingqongileyo, eleze-oli negesi nelokwakhiwa kweenqanawa kunye noqoqosho lwaselwandl","South Africa is also a frontier for new sectors of investments such as the green economy, oil and gas shipbuilding and the oceans econom",0.7942797
"[ 0.5120952  -0.17672712  0.03764452 ...  1.0988213   1.1761802
  0.7938151 ]","[ 0.00012251 -0.00378552 -0.00054631 ...  0.00196719  0.03266087
  0.02748306]",INgxelo yeHlabathi yeNkqubo yamaHlakani Ahlukeneyo yeZizwe eziManyeneyo ye-HIV ne-AIDS (i-UNAIDS),Interim directors to the Small Enterprise Finance Agency Board (SEFA): (a),0.6270506
"[ 0.33737966 -0.05912857  3.8497357  ...  1.3233685   1.2135746
  2.4260955 ]","[-8.0650119e-05  7.8886916e-04  1.0686445e-01 ...  3.4026951e-02
  3.0570168e-02  6.1779607e-02]","IKhabhinethi iyavuyiswa ziziphumo zakutsha nje zeNgxelo yeHlabathi ye-UNAIDS, ebisanda kukhutshwa ngokusikweni apha eMzantsi Afrik Ngokwale ngxelo, uMzantsi Afrika ubaphungule abantu abosulelwa yiNtsholongwane kaGawulayo (i-HIV) ngenani elingaphezulu kwama-40% laze elabo basweleka ngenxa yezifo ezinxulumene noGawulayo nalo lehla laya kutsho kuma-40% ukususela ngowama-2010.","Joint United Nations Programme on HIV and AIDS (UNAIDS) Global Report Cabinet is encouraged by the latest UNAIDS Global Report, which was recently launched in South Afric According to the report, South Africa has successfully reduced new HIV infections by more than 40% and AIDS-related deaths by around 40% since 2010.",0.88907385
"[ 6.8098241e-01 -1.0612068e-03  7.7261508e-02 ...  7.3531783e-01
  1.3071775e+00  1.0575454e+00]","[ 1.7849110e-02  1.4820995e-04 -8.8309796e-05 ...  3.2235604e-02
  2.2372181e-02  1.6873296e-02]",Le ngxelo iyangqina ukuba aneziphumo ezincumisayo amanyathelo esiwathathileyo ukuphungula inani labantu abosulelwe yi-HIV ne-AIDS nawokunyanga abo sele bosulelwe sesi sif,The report confirms our HIV and AIDS interventions strategies reducing new infections and managing patients already living with the disease are yielding positive results Cabinet encourages all South Africans to live a healthy lifestyle to reduce new,0.7448466
"[ 0.36336344 -0.03576018  0.15229972 ...  0.7750949   1.2843149
  1.1161747 ]","[ 0.03474378 -0.00228864  0.00149879 ...  0.03227661  0.02001097
  0.01802926]",IKhabhinethi ibongoza abemi boMzantsi Afrika ukuba baphile ngendlela engazikubeka impilo yabo emngciphekweni ukuze sikwazi ukuphungula inani labantu abosulelwa yi-HIV ne-AIDS,The ceremony marks a milestone in the collective approach to achieve a sustainable quality health syste,0.72874534
"[ 0.95560914  3.7204201  -0.06625353 ... -0.29062355 -0.13318022
  0.08393669]","[ 0.01636449  0.09678078  0.00155001 ... -0.00510725 -0.00335812
  0.00642072]",Ukulwa ulwaphulo-mthetho,infections Fighting crime,0.8275707
"[ 0.85237163  1.9282067  -0.18236221 ...  1.4643948   0.8615844
  0.9178036 ]",[0.01497378 0.05883602 0.00129202 ... 0.03212411 0.02515489 0.01784993],"IKhabhinethi iyakubethelela ukuba izimisele kwiphulo lokuqinikisekisa ukuba iindawo ezihlala abantu bakuthi zinokhuselo futhi zikhuselekil Xa kukho intsebenziswano phakathi kukarhulumente noluntu, singalusiphula neengcambu ulwaphulo-mthetho ngolo hlobo siqinisekise ukuba kukho ukhuseleko futhi kugquba noxolo kwiindawo ezihlala abantu bakuthi kwaye zinozinzo olufuneka ngamandla ukuze kungene utyalo-mali kwel","Cabinet reaffirms its conviction and commitment to create a safer and secure environment within our communitie With government and communities working together, we can eradicate the scourge of crime, and create a safe and peaceful environment within our communities that is conducive for investment Various operations undertaken recently by law-enforcement agencies across the country resulted in the arrest of a number of suspects and the recovery of illicit drug South African National Defence Force soldiers have also been deployed in some crime hotspots to support members of the South African Police Service in their concerted effort to bring gang violence and drug trafficking under contro",0.8078919
[0.68223095 1.8814317  0.05637519 ... 1.4959373  1.4170924  0.38373744],[0.02464595 0.04474652 0.00095121 ... 0.00964618 0.02854988 0.02398069],"Amaphulo ogqogqo asanda kuqhutywa kutsha nje zi-arhente zogcino-mthetho kulo lonke eli abangele ukuba kubanjwe abarhanelwa abaninzi, kufunyanwe neziyobisi ezingekho mthethwen Amajoni oMkhosi weSizwe wezoKhuselo woMzantsi Afrika (i-SANDF) atyalwe kwiindawo ezambethwe lulwaphulo-mthetho ukuya kuncedisa uMbutho wamaPolisa oMzantsi Afrika (i-SAPS) kumalinge awo okulwa ubundlobongela obenziwa ngamaqela emigulukudu kunye nengxalo yokurhweba ngeziyobisi ngokungekho mthethwen","in protest against the extension of Pass Laws to wome This protest became a turning point in our struggle for freedom and a democratic societ Despite our remarkable achievement in advancing the emancipation of women in our society, the scourge of violence and abuse of women in our nation persist The hefty sentences handed down in Gauteng sexual violence cases show that perpetrators of sexual crimes and other related offences will not escape the course of justic.",0.7752001
"[ 0.69667554  1.3298818  -0.15789993 ...  0.66924113  0.9612989
  1.1093999 ]","[ 0.00782474  0.05394171 -0.00018309 ...  0.01300522  0.00597026
  0.02258427]","IKhabhinethi icela abantu ukuba bahlale bebaze iindlebe futhi baxele emapoliseni izenzo zolwaphulo-mthetho, nokuba ngubani osemva kwaz","Cabinet urges members of the community to remain vigilant and report all acts of crime to the police, irrespective of who is involve Cabinet decisions",0.8100679
"[ 0.7749115  -0.24642421 -0.23415208 ...  0.32558787  0.5503588
  0.6290118 ]","[ 0.02613582  0.01021482 -0.00050218 ...  0.01075102  0.02275068
  0.00540309]",Izigqibo zeKhabhinethi1.,Mr Justice Kganyago; (f),0.5199076
"[ 0.55352074 -0.04324199 -0.19150418 ...  0.55957156  0.29894546
  0.29791468]","[ 0.02117805 -0.00294475  0.00098967 ...  0.01787204  0.0070215
  0.04213292]",UMgaqo-nkqubo neeNjongo zoMgaqo-nkqubo wokuKhutshwa kweeLayisenisi zaMaza oSasazo Asetyenziswa Kakhulu,Policy and Policy Direction for the Licensing of the High Demand Spectrum Cabinet approved the Policy and Policy Direction for the Licensing of the High Demand Spectrum after extensive consultations with the sector and the publi,0.72035015
[0.6982856  0.093803   0.15331951 ... 0.9987481  1.3052826  1.1501371 ],"[ 3.0830156e-02  5.4051413e-04 -9.5723066e-05 ...  3.0417481e-02
  1.8956367e-02  4.0810734e-02]","IKhabhinethi iwuvumile uMgaqo-nkqubo neeNjongo zoMgaqo-nkqubo wokuKhutshwa kweeLayisinesi zaMaza oSasazo Asetyenziswa Kakhulu emva kokuba ugwadliwe luluntu kunye namahlakani amaninzi akwicandelo lezonxibelelwan Lo Mgaqo-nkqubo neeNjongo zoMgaqo-nkqubo unika isicwangciso sokuzisa iinguqu kweli candelo ngokuthi uvumele ukungena kwenkampani ezintsha kweli candelo ngeli thuba ukhuthaza utyalo-mali nokuqanjwa kwezinto ezintsh Kwezi ntsuku zimbalwa zizayo uMphathiswa wezoNxibelelwano, uNksz Stella Ndabeni-Abrahams, uza kukhupha lo mgaqo-nkqubo sele ucokiswe wagqitywa futhi wavunywa yiKhabhinethi akugqiba abambe indibano noonondaba","The Policy and Policy Direction sets a framework for the transformation of the sector by enabling entrance of new players in this important market while at the same time encouraging investments and innovatio The Minister of Communications and Digital Technologies, Ms Stella Ndabeni-Abrahams, will in the next few days issue the Cabinet approved final policy and brief the media Presidential Expert Advisory Panel on Land Reform and Agriculture Report Cabinet received the final report from the Presidential Expert Advisory Panel on Land Reform and Agricultur President Ramaphosa appointed the panel in September 2018 to provide a unified policy perspective on land reform The report makes findings on the current status quo and makes recommendations that will assist in accelerating the work of government in redressing the historical land distribution imbalance Cabinet directed that all Ministers, through their respective departments, must study the report and its proposed recommendations and revert to Cabinet within two month The Inter-Ministerial Committee on Land Reform chaired by Deputy President David Mabuza will oversee this proces Cabinet extends its gratitude for the work done by the panel chaired by Dr Vuyokazi Mahlati and approved that the report be made accessible to the publi",0.8415408
"[ 0.38187587 -0.29783887 -0.16858904 ...  0.47922343  0.8335332
  0.37379083]","[ 0.01801186  0.00244577 -0.00036418 ...  0.02636719  0.03071846
  0.03832423]",Ingxelo yeQela labaCebisi likaMongameli ebeliChophele uMba weeNguqu kwezoMhlaba nezoLimo,Recognition of Customary Marriages Amendment Bill of 2019 Cabinet approved the submission of the Recognition of Customary Marriages Amendment Bill of 2019 to Parliamen,0.7256696
"[ 0.952382    0.22575948 -0.08932824 ...  0.7153752   0.6449762
  0.9168641 ]","[ 1.5141317e-02 -8.4816376e-05 -3.3365458e-04 ...  3.4589343e-02
  1.4022053e-02  3.1966206e-02]",IKhabhinethi ifumene ingxelo esele icokiswe yagqitywa kwiQela labaCebisi likaMongameli ebeliChophele uMba weeNguqu kwezoMhlaba nezoLim UMongameli Ramaphosa watyumba eli qela ngenyanga yoMsintsi ngowama-2018 ukuze libhale umgaqo-nkqubo omnye weenguqu kwezomhlab Le ngxelo ibalule iingxaki ezikhoyo kule mithetho yezemihlaba ikhoyo ngoku yaze yenza nezindululo eziza kunceda ukukhawulezisa umsebenzi karhulumente wokulungisa umonakalo wangaphimbili wokwabiwa komhlaba ngokungalingan,"The Minister of Agriculture, Land Reform and Rural Development, Ms Thoko Didiza, together with the panel, will hold a separate media briefing to unpack the contents of the repor",0.7558899
"[ 0.4117842  -0.02674322 -0.24204582 ...  0.9757574   0.87296945
  1.6095852 ]","[ 0.00798007  0.00663843 -0.00040146 ...  0.01153857  0.05037391
  0.04307949]","IKhabhinethi iyalele bonke abaPhathiswa, besebenzisa amasebe wabo ahlukeneyo, ukuba bayifunde le ngxelo kunye nezindululo ezikuyo baze banike iKhabhinethi ingxelo ngezimvo zabo zingadlulanga iinyanga ezimbin IKomiti yabaPhathiswa yeeNguqu kwezeMihlaba ekhokelwa nguSekela-Mongameli Davidi Mabuza njengosihlalo iza kukhokela le nkqub",Deliberations will focus on the design and implementation of innovative models required in secondary education in Africa to better equip teachers and prepare students for the future of wor Cabinet continues to appreciate our participation in such enriching dialogues Women s Month,0.7264013
[0.7820276  0.0279475  0.40861866 ... 0.9798326  0.6881947  0.9222632 ],"[ 0.03885951 -0.0005206  -0.00024183 ...  0.0298424   0.05270186
  0.03374906]",IKhabhinethi ibamba ngazibini kweli qela belikhokelwa nguGq Vuyokazi Mahlathi njengosihlalo walo ngomsebenzi omhle eliwenzileyo kwaye iye yavuma ukuba kuqinisekiswe ukuba iyafumaneka eluntwin,"The Proteas national netball team, for their outstanding performance and flying the South African Flag high by reaching the semifinals of the World Cup in Liverpoo Their improvement from position five to four in world rankings is highly commende Also, congratulate Ms Karla Pretorius for being selected and named as the World Cup 2019 Player of the tournamen",0.74955416
"[ 1.1233684  -0.07331622  0.04372576 ...  0.99761266  1.2430269
  1.3817801 ]","[ 0.02451073 -0.00017104  0.0046229  ...  0.03184621  0.0214936
  0.03581178]","UMphathiswa wezoLimo, uBuyekezo lwemiHlaba noPhuhliso lwamaPhandle, uNksz Thoko Didiza, kunye neli qela, baza kubamba enye intlanganiso noonondaba apho beza kunika iinkcukacha nengcaciso egcweleyo ngale ngxel Intlanganiso namajelo eendaba iza kubanjwa ngeCawe umhla wama-28 kweyeKhala 2019 ngentsimbi ye-10 kusasa e-GCIS Ronnie Mamoepa Media Centre eHatfiel Abo baza kube bese-GCIS Imbizo Centre eKapa kuza kuqhakanyishelwana nabo ngomnxeba onevidiy",The media briefing will take place on Sunday 28th July 2019 at 10am at GCIS Ronnie Mamoepa Media Centre in Hatfield with video link to Cape Town GCIS Imbizo Centre,0.82902646
"[ 0.69024044 -0.05024737 -0.27985102 ... -0.10211479  0.14577703
  0.47852898]","[-0.00220688 -0.00060591 -0.00139455 ... -0.0005469   0.00171581
  0.00251652]",ImiThetho esaYilwayo1.,Appointments,0.52778363
"[ 0.936696   -0.08826397 -0.34640893 ...  0.4605731   0.7508068
  1.4689553 ]",[0.03737912 0.0026336  0.00600564 ... 0.02563634 0.04760891 0.00504922],UMthetho-sihlomelo oYilwayo wokwaMkelwa ngokuseMthethweni kwemiTshato yesiNtu wowama-2019,The Bill provides for the equal treatment of women in pre-Act monogamous and polygamous customary marriage,0.6880452
"[ 0.8853289   0.01213827 -0.19848402 ...  0.98647696  1.2759507
  2.279298  ]","[ 0.04821188 -0.00115366  0.0018967  ...  0.01358331  0.03937482
  0.0811708 ]",IKhabhinethi ivumile ukuba ungeniswe ePalamente uMthetho-sihlomelo oYilwayo wokwaMkelwa ngokuseMthethweni kwemiTshato yesiNtu wowama-2019.,The amendments eliminate the gender-based discrimination in polygamous marriages entered into before the commencement of the RCMA of 1998.,0.7166245
"[ 0.78642684  0.2291355  -0.05951092 ...  0.9512799   1.4891051
  0.88309157]",[0.01006072 0.00439657 0.00317327 ... 0.04402857 0.03608547 0.02300248],"Lo Mthetho uYilwayo ulungisa iCandelo 7(1) no-(2) loMthetho wokuHlonitshwa kwemiTshato yesiNtu (i-RCMA), wowe-1998 (uMthetho 120 wowe-1998) litsho lihambelane nezigwebo zeNkundla yoMgaqo-siseko, eyagweba ukuba la macandelo awahambelani nomgaqo-sisek La macandelo ebebadlela indlala oomama abatshate ngokomtshato wesint","The Bill brings Section 7(1) and (2) of the Recognition of Customary Marriages Act (RCMA), 1998 (Act 120 of 1998) in line with the judgements of the Constitutional Court, which declared the sections constitutionally invali The sections discriminated unfairly against women in customary marriage",0.90487033
[0.9659813  0.46691138 0.02095906 ... 0.8429176  1.0232328  2.037422  ],[0.01112607 0.05244717 0.00366268 ... 0.02726864 0.02825378 0.02322514],Lo Mthetho uYilwayo ugxininisa ukuba baphathwe ngokufanayo omama abatshate kwimitshato yesintu esisithembu naleyo ingesosithembo yaphambi kokuphunyezwa kwe-RCM,"Cabinet calls on all sectors of society to oppose any violence, and make a collective effort to reduce the number of sexual offences and attacks on women and children towards the total eradication of these vice Messages 1.",0.6988323
[1.246885   0.705799   0.13819245 ... 0.4389063  1.3673704  2.5123703 ],"[ 0.02274959 -0.00015897  0.00392557 ...  0.00718717  0.02465297
  0.0591147 ]",Ezi zilungiso zibangula lo masolotya acalula ngokwesini kwimitshato yesithembu yaphambi kokuqala kwe-RCMA yowe-1998.,The Health Compact is an outcome of the Presidential Health Summit that was held in October 2018.,0.6876006
"[ 0.9205167  -0.1897669  -0.07316173 ...  1.0298693   1.1663518
  1.0664612 ]","[ 0.00030043  0.00096421  0.00115743 ... -0.00040249  0.02185832
  0.03268164]",Abantu abatshatileyo ngoku baza kuba namalungelo afanayo obunini kuzo zonke iimpahla nee-asethi zomtshato wab,Spouses will now have joint and equal proprietary rights over marital propert,0.8055495
"[ 0.4339563  -0.40475506 -0.08829874 ...  0.16257705  0.45311183
  0.9943732 ]","[-0.00135435  0.00035059 -0.00059128 ...  0.00128359 -0.0100938
  0.00439496]",Imisitho ezayo1.,Upcoming events,0.6057252
"[ 0.0399129  -0.23505567 -0.36393973 ...  0.49918056 -0.05002839
 -0.06113447]","[ 0.01431764 -0.00296566  0.00844704 ...  0.01026771  0.01737195
  0.04235731]",IsiVumelwano sezeMpilo sikaMongameli,the Union Buildings on 9 August 1956,0.53195333
"[ 1.1485846   0.22337699 -0.11448358 ...  1.4250234   1.6737877
  1.8517644 ]","[ 0.0168548  -0.00057663  0.00432461 ...  0.00623495  0.02993507
  0.07175875]","UMongameli Ramaphosa uza kukhokela umsitho wokutyikitywa kwesiVumelwano sezeMpilo sikaMongameli oza kubanjelwa eGq George Mukhari Academic Hospital eGa-Rankuwa, kwisiXeko saseTshwane, ngoLwesine, umhla wama-25 kweyeKhala 2019.","The upcoming National Women s Day celebration in Vryburg, Ruth Mompati District in North West on Friday, 9 August 2019, will be commemorated under the theme:",0.7774922
"[ 0.7233381  -0.17890601 -0.2778408  ...  0.59852743  0.7437669
  2.39784   ]","[ 0.03307411 -0.00027798 -0.00015763 ...  0.02302925  0.04647732
  0.01715751]",Esi siVumelwano sezeMpilo sisiphumo seNgqungquthela yezeMpilo kaMongameli eyayibanjwe ngenyanga yeDwarha ngowama-2018.,"President Ramaphosa declared a Special Official Funeral for Bra Ike, who left South Africa in 1961 and underwent military and political training in Beirut and the former Soviet Union between 1961 and 1963 before joining the senior Luthuli Detachment of Umkhonto we Sizw In 2006, then President Thabo Mbeki conferred the National Order of Luthuli in Silver on Bra Ike, for his contribution to the struggle for freedom and democrac",0.58045673
"[ 0.9096728  -0.1839554  -0.25391597 ...  0.4826094   0.5168838
  0.5564939 ]","[ 0.01785504 -0.00031364  0.00768213 ...  0.00927577  0.04366222
  0.03876103]",Ukutyikitywa kwesi sivumelwano kulinyathelo elikhulu kweli phulo lethu lokwakha inkqubo yezempilo esemgangathweni nezinziley,"South Africa offers a unique combination of highly developed economic infrastructure, a vibrant emerging market economy and access to the fast growing African continent marke",0.6582145
"[ 0.3875018  -0.3380108  -0.20743322 ...  0.46202594  0.4687076
  0.72436947]","[ 0.0138128  -0.00052421 -0.00030524 ...  0.02506041  0.03382286
  0.03442331]",INgqungquthela yoNyaka yokuQala yeZinga eliPhezulu yeeNgxoxo ngoMgaqo-nkqubo weMfundo ePhezulu e-Afrika,"First High-Level Annual Policy Dialogue Forum on Secondary Education in Africa The Department of Basic Education will co-host the First High-Level Annual Policy Dialogue Forum on Secondary Education in Africa: Preparing Youth for the Future of Work, with the Association for the Development of Education in Afric",0.75906736
[0.29302967 0.29701832 0.15884669 ... 0.8966362  1.0387033  0.7604977 ],[0.00248664 0.00016813 0.00362016 ... 0.03028172 0.03258051 0.00149454],ISebe leMfundo esisiSeko libambisene noMbutho woPhuhliso lweMfundo e-Afrika baza kubamba iNgqungquthela yoNyaka yokuQala yeZinga eliPhezulu yeeNgxoxo ngoMgaqo-nkqubo weMfundo ePhezulu e-Afrika: Ukulungiselela Ulutsha imiSebenzi yangoMs,"It will be held from 29 to 30 July 2019 at Emperors Palace, Johannesbur The forum will bring together Ministers responsible for education, youth and labour from across the African continent, academics; policy-makers; high-level representatives from development cooperation partners; the private sector; civil society; teachers and parents associations; youth organisations and the medi",0.7520461
"[ 0.9832918  -0.24845278  0.33383393 ...  1.3154856   1.1870373
  2.5853412 ]","[ 0.01399156 -0.00195935  0.00091893 ...  0.03708116  0.02209652
  0.06038883]","Le Ngqungquthela iza kubanjelwa e-Emperors Palace, eRhawutini ukususela ngomhla wama-29 ukuya kowama-30 kweyeKhala 2019.","South African athletes for shining at the International Association of Athletics Federations Diamond League in Londo National record holder Akani Simbine was in superb form in the men's 100m event, when he won the final in a season's best of",0.6601037
"[ 0.19317073 -0.03325995  0.00809899 ...  1.0975342   1.3153948
  0.33095056]","[2.1172049e-02 5.2503270e-05 7.1966466e-03 ... 1.7074216e-02 5.3594951e-02
 3.9644293e-02]","Kule ngqungquthela kuza kube kudibene abaPhathiswa abajongene nezemfundo, ezolutsha nezemisebenzi abaphuma kulo lonke eli lizwekazi le-Afrika, izifundiswa, iingcali zokuqulunqwa kwemigaqo-nkqabo, abameli abazizikhulu eziphezulu abaphuma kumahlakani ethu ophuhliso ngobambiswano; icandelo labucala, imibutho yoluntu; ootitshala kunye nemibutho yabazali; imibutho yolutsha kunye namajelo eendab","Ndlovu Youth Choir, whose high-energy star-studded performance has seen them progress to the next round of the America's Got Talent live show Our national rugby team, the Springboks, who won 35-17 over Australia during the 2019 Rugby Championshi The tournament is an important sporting event that involves countries like New Zealand, Australia and Argentin We wish them well as they continue in the tournamen TeamSA, who helped to rewrite African history at the 30th edition of the International University Sports Federation in Napoli, Ital Africa won a total of 26 medals collectivel Of South Africa s 18 medals, six of them were gold, eight silver and four bronz",0.7269187
"[ 0.37323132 -0.02653082 -0.1361196  ...  0.41364008  1.161675
  1.3112189 ]","[ 0.03469694 -0.00326069  0.00706029 ...  0.00480248  0.04522489
  0.04591907]",Iingxoxo ziza kugxila kwiindlela zokufunda nokufundisa zale mihla kunye nendlela ezinokusetyenziswa ngayo kwimfundo ephakamileyo e-Afrika ukuze kuxhotyiswe ootitshala ngcono kulungiselelwa abafundi imisebenzi yangoms IKhabhinethi iyavuyiswa kukuthatha kwethu inxaxheba kwiindibano ezityebe ngolu hlobo,"In the men's long jump, Luvo Manyonga won the men's long jump with a season's best of m, with compatriot Ruswahl Samaai holding on for third position with a leap of",0.67211694
"[ 0.8537538  -0.48476416 -0.08216552 ...  0.22008723  0.84623873
  0.11629026]","[-0.00082503  0.00064291 -0.00012102 ...  0.00013033  0.00200147
 -0.00129613]",INyanga yooMama,Johnny,0.52850264
"[ 0.9712971  -0.24927181  0.24870797 ...  0.68355435  1.475666
  2.5514188 ]","[ 0.03784115 -0.00268487 -0.00121748 ...  0.00737447  0.05750386
  0.02261062]","USuku lweSizwe looMama luza kubhiyozelwa eVryburg, kwiSithili iRuth Mompati eMntla Ntshona ngoLwesihlanu, umhla wesi-9 kweyeThupha 2019 phantsi komxholo othi:",Condolences Cabinet mourns the loss of veteran freedom fighter Ntate Isaac Lesibe,0.61942375
"[ 0.7228809  -0.15031405 -0.1917761  ...  0.41572598  1.3203304
  0.3805816 ]","[1.3011957e-02 8.3057705e-05 7.0655439e-03 ... 8.6622322e-03 3.4187492e-02
 2.7669273e-02]","ImiNyaka engama-25 yeNkululeko: Ukukhulisa uMzantsi Afrika Sisilwela Ukukhupha ooMama Emakhamandeleni"".",25 Years of Democracy: Growing South Africa Together for Women s Emancipation .The celebration pays tribute to the more than 20 000 women who marched to,0.763459
"[ 0.8907463  -0.04155659  0.08411626 ...  0.82611084  1.2742223
  0.975493  ]","[ 0.01141453 -0.00180664  0.00240111 ...  0.02640719  0.0542157
  0.01080063]",Lo msitho uza kuhlonipha unike imbeko koomama abangaphezulu kwama-20 000 abenza umngcelele besiya kwiZakhiwo zoMdibaniso ngomhla wesi-9 kweyeThupha ngowe-1956 beqhankqalazela ukunyanzeliswa ukuba noomama bachatshazelwe nguMthetho wamaPas Lo mngcelele wokuqhankqalaza waba linyathelo elikhulu kwidabi lethu lokulwela inkululeko nesizwe esilawulwa ngentando yesininz,"Cabinet shares the national outpouring of grief with the family, friends and fans of award-winning singer and songwriter Jonathan",0.6696274
"[ 0.9163928   1.5571438  -0.03500494 ...  0.9155027   1.3285004
  0.99681723]","[ 0.03268402 -0.0004424   0.00021411 ... -0.0048462   0.01228727
  0.02741328]","Nangona kukuninzi esele sikwenzile kumaphulo okukhupha oomama emakhamandeleni engcinezelo kweli lizwe, intlungu yobundlobongela nokuphathwa kakubi koomama isaqhub Izigwebo eziqatha ezinikwe abo bafunyaniswe benamatyala okudlwengula eGauteng zibonakalisa ukuba umthetho awuzikuhleka nabo babandakanyeka kumatyala ezesondo namanye afana naw",All appointments are subject to the verification of qualifications and the relevant clearance,0.6050315
"[ 0.5879298   0.32597277 -0.09528449 ...  0.7279671   0.83869016
  0.5819147 ]","[ 0.01938182 -0.00100193  0.00431296 ...  0.03164754 -0.00721756
  0.01804221]",IKhabhinethi ihlaba ikhwelo kuso sonke isizwe ukuba sibulwe ubundlobongela futhi sisonke senze onke amatile-tile okuphungula umkhuba wokudlwengula nokuhlaselwa kwabantu basetyhini nabantwana ngeenjongo zokuqinisekisa ukuba le mikhuba siyiphelisa tu kwesi sizw,value chain (BFG Rail) and electrical industrial components,0.5235807
"[ 0.3709374  -0.1373083  -0.29566813 ...  0.16049162  0.11906455
  0.41722143]","[ 0.00176214 -0.00043908 -0.00014515 ...  0.00241408  0.00539021
 -0.00172328]",Imiyalezo1.,(reappointment).,0.54120016
"[-0.01190416  0.35603303 -0.68749857 ...  0.19001314  0.36028892
 -0.10556024]","[ 7.8384690e-02  2.2586551e-03 -9.0258567e-05 ... -9.7045321e-03
  3.8771737e-02  1.8270474e-02]",Amazwi ovelwano,Ms Nonkululeko Dlamini,0.46539664
[0.7958757  0.39037585 0.05076829 ... 1.0524212  1.0381203  1.7232742 ],"[-0.00173417  0.00845151  0.00105566 ...  0.00659775  0.00294788
  0.04106934]","IKhabhinethi iyangqukruleka kukuwa kwegqala lomzabalazo uTata u-Isaac Lesibe 'Bra Ike' Maphoto, osutywe kukufa eyingwevu eneminyaka engama-88 ubudal UMongameli Ramaphosa ubhengeze ukuba u-Bra Ike uza kukhatshwa ngoMngcwabo Okhethekileyo wasebuRhulumenten U-Bra Ike walifulathela eli loMzantsi Afria esiya elubhacweni ngowe-1961 esiya kuqeqeshelwa ubujoni nobungcali bezepolitiko eBeirut nakwilizwe elalisaya kwaziwa nge-Soviet Unio Olu qeqesho uluqhube phakathi konyaka we-1961 nowe-1963 phambi kokuba aye kuba yinxalenye yeButho likaLuthuli (i-Luthuli Detachment) lokuqala loMkhonto we Sizw Ngowama-2006, uMongameli Thabo Mbeki wawonga u-Bra Ike ngembasa yesizwe, i-Order of Luthuli in Silver ngenxa yegalelo lakhe kumzabalazo wenkululeko nolawulo lwentando yesininz","Maphoto, who passed on at the age of 88.",0.56107706
"[ 1.6666515   0.08407652 -0.25956047 ...  1.0389961   1.5458447
  0.767075  ]","[ 0.04132528  0.00048551 -0.00167619 ...  0.00052771  0.04040254
  0.03032153]","IKhabhinethi nayo njengesizwe ithi tutwini kusapho, izihlobo nabalandeli bomculi nombhali womculi osele wakhe wawongwa ngeendebe ezininzi uJonathan 'Johny' Clegg, owasebenzisa umculo wakhe ukulwela isizwe esingacaluli ngobuhlang Uya kukhunjulwa njengogorha elazinikela kumaphulo okwakha isizwe, ukuhlalisana ngoxolo phakathi kweentlanga ezahlukeneyo nesizwe esingacaluli ngokobuhlang Wawongwa ngembasa yesizwe, i-Order of Ikhamanga in Silver, ngegalelo nemisebenzi yakhe egqwesileyo kwezomculo nokudibanisa umculo wesiNtu nezinye iintlobo zomculo",Adv Nomathemba Mlonzi;(c),0.55506694
"[ 0.688673   -0.03371297 -0.6753081  ...  0.27218312  1.053168
  0.36272404]","[ 0.05860056  0.00318978 -0.00018367 ... -0.00114056  0.01617713
  0.01419962]",Amazwi okuvuyisanaIKhabhinethi iqhwabela izandla:,Enquiries: Ms Phumla Williams,0.62101185
[1.5325779  0.01884734 0.15567961 ... 0.967843   1.548704   1.9529134 ],"[ 9.5592476e-03 -5.1440080e-03 -4.6845496e-05 ...  1.2803328e-02
 -6.1511071e-03  3.7634969e-02]","iqela lesizwe lebhola yomyazi, i-Proteas, ngokudlala kakuhle kakhulu nokuphakamisela udumo negama loMzantsi Afrika phezulu ngokuthi lifikela kwimidlalo eyandulela amagqibela kankqoyi kwiNdebe yoMhlaba ebibanjelwe eLiverpoo Ukunyuka kwabo baye kwindawo yesine besuka kweyesihlanu kuluhlu lwamazwe ehlabathi kuvuyisa kakhul Sothulela umnqwazi noNksz Karla Pretorius ngokuthi akhethwe njengoMdlali oBalaseleyo kwitumente yeNdebe yeHlabathi yowama-2012.",Acting Cabinet Spokesperson Mobile: 083 501 0139,0.5256872
"[ 0.77111506 -0.29917443 -0.1708549  ...  0.95715594  1.2339375
  1.9929256 ]",[0.05488299 0.0015972  0.00099843 ... 0.00823003 0.03832059 0.00879293],iimbaleki zoMzantsi Afrika ezizibaluleyo kukuphiswano lwe-Diamond League yoMfelandawonye wemiButho yeHlabathi yeeMbaleki (i-IAAF) olubanjelwe eLondo Imbaleki ebambe irekhodi lesizwe u-Akani Simbine uzibonakalise ukuba ungumakhonya kumbaleko ongumgama oyi-100m wamadoda ngethuba ephumelela kumagqibela kankqoyi ebaleka elona xesha lifutshane wakha walibaleka eliyimizuzwana eyi-.,Ms Mphokolo Makara;(b),0.5260664
[0.883139   0.21400358 0.05970005 ... 0.960144   1.1074426  2.32559   ],"[-0.00176124 -0.00247108  0.03140217 ...  0.0119642  -0.00086416
  0.02282679]","Kumtsibo wamadoda, uLuvo Manyonga uphumelele umtsibo womhlaba ngokuthi atsibe umgama ongowona umde kulo nyaka ozimitha eziyi-.",an increase of 44 000 vehicles prior to the expansion,0.50828767
"[ 1.1159903  -0.22928303  0.30786064 ...  0.55831504  1.0865005
  1.6653717 ]","[ 0.04867395 -0.00033454 -0.00015561 ...  0.00765528  0.03309947
  0.02014875]","Enye imbaleki yeli, uRuswahl Samaai, nayo etsibayo ithe yaphuma kwindawo yesithathu ngokuthi itsibe umgama ozimitha eziyi-.",Ms Delicate Mabuza;(d),0.54921794
"[ 1.3761901  -0.17473683 -0.06564706 ...  0.42292297  1.3365985
  1.5714058 ]","[ 0.02309796 -0.00106648 -0.00014358 ...  0.02132424  0.02039034
  0.02213961]","ikwayala yolutsha, iNdlovu Youth Choir, etsho ngodlwabevu lomculo okweentshatsheli oluthe lwabanceda bagqithela kumjikelo olandelayo kwinkqubo yokhuphiswano edlala kumabonakude i-America's Got Talen",Mr Maurice Radebe; and(g),0.48403764
"[ 0.67217755 -0.18197796  0.2219013  ...  0.7989977   1.5844487
  1.3369942 ]","[ 0.01844798 -0.0001019  -0.00021692 ...  0.00709515  0.01885277
  0.01899978]","iqela lesizwe leli lombhoxo, i-Springboks, elitywatyushe i-Australila ngamanqaku angama-35 kwali-17 eRhawutini ngethuba lidlala kwitumente yombhoxo, i-2019 Rugby Championshi Le tumente iyimidlalo ebaluleke kakhulu edlalwa ngamazwe aphambili kumbhoxo afana neNew Zealand, Australia kunye ne-Argentin Sibanqwenelela okuhle kodwa kule midlalo yabo ishiyekileyo kule tument",Mr Martin Mahosi;(e),0.42546177
"[ 1.1090223  -0.13436301 -0.00727354 ...  0.5879217   1.2435639
  1.2904868 ]","[ 0.01312928  0.00016831 -0.00223318 ...  0.0101915   0.0206335
  0.00641066]","Iqela loMzantsi Afrika, i-TeamSA, elidlale indima enkulu lenza nembali kwindlela iidyunivesiti zase-Afrika eziqhube ngayo kwimidlalo yama-30 ye-International University Sports Federation ebibanjelwe eNapoli, kwelase-Ital Iidyunivesiti zase-Afrika zidibene zize neendebe ezingama-26.",Bra Ike,0.33981952
